date,total_cases,SPEC_RECEIVED_NB,SPEC_PROCESSED_NB,AH1,AH1N12009,AH3,AH5,ANOTSUBTYPED,INF_A,BYAMAGATA,BVICTORIA,BNOTDETERMINED,INF_B,ALL_INF2
2004-12-27,1194,0.0,7148.0,21.0,0.0,439.0,0.0,585.0,1045,2.0,1.0,146.0,149,204.0
2005-01-03,1688,0.0,9391.0,34.0,0.0,585.0,0.0,856.0,1475,3.0,0.0,210.0,213,400.0
2005-01-10,1729,0.0,8891.0,53.0,0.0,610.0,0.0,785.0,1448,3.0,0.0,278.0,281,393.0
2005-01-17,2469,0.0,9727.0,57.0,0.0,857.0,0.0,1092.0,2006,2.0,1.0,460.0,463,438.0
2005-01-24,3283,0.0,11332.0,87.0,0.0,1145.0,0.0,1302.0,2534,5.0,1.0,743.0,749,469.0
2005-01-31,4049,0.0,12175.0,103.0,0.0,1454.0,0.0,1575.0,3132,3.0,2.0,912.0,917,411.0
2005-02-07,4315,0.0,12945.0,86.0,0.0,1346.0,0.0,1818.0,3250,5.0,4.0,1056.0,1065,406.0
2005-02-14,4534,0.0,14216.0,114.0,0.0,1410.0,0.0,1744.0,3268,2.0,0.0,1264.0,1266,399.0
2005-02-21,4057,0.0,12893.0,107.0,0.0,1247.0,0.0,1489.0,2843,7.0,0.0,1207.0,1214,364.0
2005-02-28,3403,0.0,11560.0,108.0,0.0,908.0,0.0,1316.0,2332,1.0,0.0,1070.0,1071,375.0
2005-03-07,2666,0.0,10637.0,98.0,0.0,687.0,0.0,993.0,1778,7.0,2.0,879.0,888,427.0
2005-03-14,2524,0.0,9657.0,108.0,0.0,616.0,0.0,826.0,1550,14.0,4.0,956.0,974,435.0
2005-03-21,1754,0.0,7719.0,55.0,0.0,411.0,0.0,525.0,991,6.0,0.0,757.0,763,379.0
2005-03-28,1339,0.0,6967.0,54.0,0.0,347.0,0.0,320.0,721,11.0,1.0,606.0,618,514.0
2005-04-04,994,0.0,5577.0,44.0,0.0,347.0,0.0,168.0,559,5.0,0.0,430.0,435,571.0
2005-04-11,612,0.0,4881.0,35.0,0.0,217.0,0.0,70.0,322,5.0,1.0,284.0,290,564.0
2005-04-18,605,0.0,4439.0,50.0,0.0,282.0,0.0,53.0,385,1.0,1.0,218.0,220,586.0
2005-04-25,410,0.0,3781.0,13.0,0.0,220.0,0.0,39.0,272,1.0,0.0,137.0,138,681.0
2005-05-02,407,0.0,3697.0,24.0,0.0,233.0,0.0,36.0,293,1.0,0.0,113.0,114,911.0
2005-05-09,330,0.0,3565.0,33.0,0.0,179.0,0.0,25.0,237,1.0,0.0,92.0,93,896.0
2005-05-16,615,0.0,3414.0,35.0,0.0,475.0,0.0,37.0,547,2.0,1.0,65.0,68,1012.0
2005-05-23,650,0.0,3011.0,69.0,0.0,457.0,0.0,48.0,574,1.0,0.0,75.0,76,926.0
2005-05-30,960,0.0,3459.0,76.0,0.0,716.0,0.0,60.0,852,0.0,0.0,108.0,108,1367.0
2005-06-06,751,0.0,3731.0,75.0,0.0,480.0,0.0,100.0,655,0.0,0.0,96.0,96,1612.0
2005-06-13,966,0.0,3687.0,55.0,0.0,674.0,0.0,136.0,865,0.0,0.0,101.0,101,1603.0
2005-06-20,898,0.0,3533.0,53.0,0.0,560.0,0.0,163.0,776,0.0,0.0,122.0,122,1795.0
2005-06-27,483,0.0,3702.0,10.0,0.0,216.0,0.0,181.0,407,0.0,0.0,76.0,76,1997.0
2005-07-04,517,0.0,3691.0,13.0,0.0,241.0,0.0,165.0,419,0.0,0.0,98.0,98,2127.0
2005-07-11,387,0.0,3667.0,14.0,0.0,181.0,0.0,112.0,307,0.0,0.0,80.0,80,2263.0
2005-07-18,318,0.0,3741.0,15.0,0.0,160.0,0.0,91.0,266,0.0,0.0,52.0,52,2355.0
2005-07-25,207,0.0,3601.0,2.0,0.0,85.0,0.0,76.0,163,0.0,0.0,44.0,44,2194.0
2005-08-01,164,0.0,3086.0,3.0,0.0,59.0,0.0,57.0,119,0.0,0.0,45.0,45,1863.0
2005-08-08,115,0.0,2785.0,11.0,0.0,44.0,0.0,33.0,88,0.0,0.0,27.0,27,1701.0
2005-08-15,109,0.0,2575.0,5.0,0.0,24.0,0.0,47.0,76,0.0,0.0,33.0,33,1435.0
2005-08-22,102,0.0,2850.0,2.0,0.0,34.0,0.0,35.0,71,0.0,1.0,30.0,31,1714.0
2005-08-29,124,0.0,2510.0,11.0,0.0,29.0,0.0,48.0,88,0.0,0.0,36.0,36,1387.0
2005-09-05,70,0.0,2246.0,3.0,0.0,17.0,0.0,13.0,33,0.0,0.0,37.0,37,1300.0
2005-09-12,67,0.0,2317.0,4.0,0.0,24.0,0.0,15.0,43,0.0,0.0,24.0,24,1310.0
2005-09-19,72,0.0,2142.0,8.0,0.0,19.0,0.0,12.0,39,0.0,0.0,33.0,33,1277.0
2005-09-26,94,0.0,2192.0,32.0,0.0,22.0,0.0,11.0,65,0.0,0.0,29.0,29,1203.0
2005-10-03,57,0.0,3732.0,16.0,0.0,13.0,0.0,13.0,42,0.0,0.0,15.0,15,935.0
2005-10-10,93,0.0,4287.0,47.0,0.0,15.0,0.0,9.0,71,0.0,0.0,22.0,22,725.0
2005-10-17,174,0.0,4989.0,72.0,0.0,19.0,2.0,24.0,117,0.0,0.0,57.0,57,849.0
2005-10-24,183,0.0,5225.0,113.0,0.0,19.0,0.0,27.0,159,0.0,0.0,24.0,24,669.0
2005-10-31,241,0.0,5463.0,145.0,0.0,34.0,0.0,19.0,198,0.0,0.0,43.0,43,671.0
2005-11-07,296,0.0,6120.0,144.0,0.0,66.0,0.0,48.0,258,0.0,0.0,38.0,38,572.0
2005-11-14,368,0.0,6658.0,191.0,0.0,59.0,0.0,52.0,302,0.0,0.0,66.0,66,666.0
2005-11-21,342,0.0,5663.0,198.0,0.0,62.0,0.0,50.0,310,0.0,0.0,32.0,32,569.0
2005-11-28,418,0.0,6604.0,216.0,0.0,103.0,0.0,81.0,400,0.0,0.0,18.0,18,596.0
2005-12-05,542,0.0,6792.0,205.0,0.0,185.0,0.0,112.0,502,0.0,0.0,40.0,40,433.0
2005-12-12,754,0.0,7669.0,230.0,0.0,324.0,0.0,153.0,707,0.0,0.0,47.0,47,403.0
2005-12-19,1145,0.0,8303.0,218.0,0.0,458.0,0.0,396.0,1072,0.0,0.0,73.0,73,326.0
2005-12-26,1146,0.0,8144.0,200.0,0.0,472.0,0.0,359.0,1031,0.0,0.0,115.0,115,303.0
2006-01-02,1017,42.0,8353.0,144.0,0.0,412.0,0.0,317.0,873,0.0,1.0,143.0,144,281.0
2006-01-09,1514,52.0,10095.0,249.0,0.0,711.0,0.0,381.0,1341,1.0,0.0,172.0,173,316.0
2006-01-16,1841,60.0,9828.0,295.0,0.0,960.0,0.0,393.0,1648,0.0,0.0,193.0,193,306.0
2006-01-23,1847,55.0,9342.0,216.0,0.0,886.0,0.0,472.0,1574,0.0,0.0,273.0,273,332.0
2006-01-30,1768,37.0,9036.0,198.0,0.0,662.0,0.0,520.0,1380,0.0,1.0,387.0,388,345.0
2006-02-06,1988,39.0,9729.0,249.0,0.0,582.0,0.0,604.0,1435,0.0,0.0,553.0,553,283.0
2006-02-13,2269,47.0,10122.0,272.0,0.0,574.0,0.0,734.0,1580,0.0,0.0,689.0,689,281.0
2006-02-20,2538,26.0,11241.0,305.0,0.0,525.0,0.0,860.0,1690,0.0,1.0,847.0,848,263.0
2006-02-27,2761,51.0,10976.0,304.0,0.0,579.0,0.0,892.0,1775,0.0,0.0,986.0,986,269.0
2006-03-06,2735,62.0,11282.0,329.0,0.0,542.0,0.0,924.0,1795,0.0,0.0,940.0,940,351.0
2006-03-13,2430,29.0,10180.0,288.0,0.0,399.0,0.0,693.0,1380,0.0,0.0,1050.0,1050,356.0
2006-03-20,2250,48.0,10147.0,288.0,0.0,275.0,0.0,671.0,1234,0.0,0.0,1016.0,1016,351.0
2006-03-27,1866,43.0,8688.0,252.0,0.0,229.0,0.0,433.0,914,0.0,0.0,952.0,952,382.0
2006-04-03,1229,44.0,6529.0,208.0,0.0,165.0,0.0,315.0,688,0.0,0.0,541.0,541,394.0
2006-04-10,839,33.0,5385.0,115.0,0.0,128.0,0.0,208.0,451,0.0,1.0,387.0,388,305.0
2006-04-17,706,33.0,4903.0,158.0,0.0,86.0,0.0,123.0,367,0.0,0.0,339.0,339,459.0
2006-04-24,416,98.0,3949.0,85.0,0.0,30.0,0.0,88.0,203,0.0,0.0,213.0,213,585.0
2006-05-01,320,104.0,2683.0,75.0,0.0,24.0,0.0,70.0,169,0.0,1.0,150.0,151,597.0
2006-05-08,300,115.0,2605.0,78.0,0.0,16.0,0.0,64.0,158,1.0,0.0,141.0,142,709.0
2006-05-15,299,145.0,2424.0,83.0,0.0,43.0,0.0,51.0,177,0.0,1.0,121.0,122,933.0
2006-05-22,311,133.0,1840.0,125.0,0.0,67.0,0.0,48.0,240,0.0,0.0,71.0,71,1235.0
2006-05-29,289,136.0,2178.0,120.0,0.0,19.0,0.0,84.0,223,0.0,1.0,65.0,66,1402.0
2006-06-05,366,147.0,2415.0,152.0,0.0,47.0,0.0,113.0,312,1.0,3.0,50.0,54,1672.0
2006-06-12,276,94.0,2605.0,176.0,0.0,23.0,0.0,61.0,260,1.0,1.0,14.0,16,1892.0
2006-06-19,390,147.0,2311.0,280.0,0.0,41.0,0.0,46.0,367,0.0,1.0,22.0,23,1714.0
2006-06-26,661,177.0,2705.0,501.0,0.0,30.0,0.0,97.0,628,0.0,2.0,31.0,33,1925.0
2006-07-03,482,194.0,3058.0,327.0,0.0,44.0,0.0,82.0,453,0.0,3.0,26.0,29,2307.0
2006-07-10,443,123.0,2907.0,287.0,0.0,60.0,0.0,75.0,422,0.0,1.0,20.0,21,2290.0
2006-07-17,476,167.0,3200.0,302.0,0.0,58.0,0.0,82.0,442,0.0,5.0,29.0,34,2400.0
2006-07-24,342,67.0,2626.0,157.0,0.0,55.0,0.0,85.0,297,0.0,2.0,43.0,45,2139.0
2006-07-31,293,156.0,2648.0,123.0,0.0,42.0,0.0,90.0,255,0.0,3.0,35.0,38,1865.0
2006-08-07,212,184.0,2208.0,71.0,0.0,26.0,0.0,79.0,176,0.0,8.0,28.0,36,1819.0
2006-08-14,223,171.0,2405.0,85.0,0.0,24.0,0.0,77.0,186,0.0,4.0,33.0,37,1809.0
2006-08-21,248,155.0,2265.0,87.0,0.0,44.0,0.0,92.0,224,1.0,3.0,20.0,24,1635.0
2006-08-28,237,180.0,2264.0,57.0,0.0,32.0,0.0,101.0,191,0.0,11.0,35.0,46,1714.0
2006-09-04,185,205.0,2231.0,63.0,0.0,34.0,0.0,45.0,142,0.0,16.0,27.0,43,1538.0
2006-09-11,209,253.0,1918.0,60.0,0.0,45.0,0.0,61.0,166,1.0,16.0,26.0,43,1217.0
2006-09-18,163,209.0,1821.0,42.0,0.0,38.0,0.0,37.0,117,4.0,10.0,32.0,46,1161.0
2006-09-25,217,219.0,2396.0,60.0,0.0,53.0,0.0,49.0,162,3.0,8.0,44.0,55,1121.0
2006-10-02,187,128.0,4735.0,51.0,0.0,40.0,0.0,57.0,148,1.0,2.0,36.0,39,1240.0
2006-10-09,236,170.0,5313.0,43.0,0.0,66.0,0.0,66.0,175,1.0,8.0,52.0,61,1104.0
2006-10-16,220,212.0,5998.0,39.0,0.0,45.0,0.0,70.0,154,3.0,12.0,51.0,66,1029.0
2006-10-23,181,89.0,6509.0,32.0,0.0,36.0,0.0,68.0,136,0.0,4.0,41.0,45,1020.0
2006-10-30,232,54.0,6823.0,40.0,0.0,25.0,0.0,95.0,160,0.0,6.0,66.0,72,702.0
2006-11-06,266,193.0,7338.0,37.0,0.0,23.0,0.0,125.0,185,1.0,4.0,76.0,81,750.0
2006-11-13,226,165.0,7827.0,41.0,0.0,23.0,0.0,91.0,155,1.0,5.0,65.0,71,765.0
2006-11-20,276,157.0,7936.0,49.0,0.0,27.0,0.0,149.0,225,1.0,4.0,46.0,51,661.0
2006-11-27,300,146.0,9035.0,62.0,0.0,30.0,0.0,131.0,223,0.0,1.0,76.0,77,616.0
2006-12-04,432,163.0,9763.0,91.0,0.0,69.0,0.0,174.0,334,0.0,1.0,97.0,98,544.0
2006-12-11,765,107.0,11202.0,169.0,0.0,82.0,0.0,346.0,597,0.0,0.0,168.0,168,760.0
2006-12-18,1050,86.0,11404.0,257.0,0.0,144.0,0.0,463.0,864,0.0,1.0,185.0,186,425.0
2006-12-25,1175,5.0,10937.0,280.0,0.0,263.0,0.0,463.0,1006,0.0,0.0,169.0,169,275.0
2007-01-01,976,0.0,9994.0,210.0,0.0,273.0,0.0,358.0,841,0.0,0.0,135.0,135,301.0
2007-01-08,1578,0.0,11448.0,310.0,0.0,598.0,0.0,481.0,1389,1.0,3.0,185.0,189,391.0
2007-01-15,2028,0.0,12110.0,316.0,0.0,825.0,0.0,650.0,1791,0.0,1.0,236.0,237,537.0
2007-01-22,2877,0.0,13632.0,432.0,0.0,1009.0,0.0,1069.0,2510,1.0,0.0,366.0,367,485.0
2007-01-29,3603,0.0,14835.0,464.0,0.0,1209.0,0.0,1532.0,3205,0.0,2.0,396.0,398,459.0
2007-02-05,4727,0.0,15993.0,605.0,0.0,1327.0,0.0,2119.0,4051,0.0,0.0,676.0,676,415.0
2007-02-12,4524,0.0,16342.0,511.0,0.0,1193.0,0.0,2167.0,3871,2.0,0.0,651.0,653,472.0
2007-02-19,4393,0.0,15893.0,404.0,0.0,1156.0,0.0,2031.0,3591,0.0,0.0,802.0,802,537.0
2007-02-26,4227,0.0,14779.0,342.0,0.0,1371.0,0.0,1613.0,3326,1.0,0.0,900.0,901,566.0
2007-03-05,3626,0.0,13603.0,299.0,0.0,1188.0,0.0,1297.0,2784,0.0,0.0,842.0,842,577.0
2007-03-12,2981,0.0,11904.0,259.0,0.0,981.0,0.0,840.0,2080,0.0,0.0,901.0,901,652.0
2007-03-19,2270,0.0,11085.0,153.0,0.0,774.0,0.0,671.0,1599,0.0,0.0,671.0,671,749.0
2007-03-26,1759,0.0,9414.0,149.0,0.0,666.0,0.0,447.0,1262,0.0,2.0,495.0,497,602.0
2007-04-02,1096,0.0,6965.0,96.0,0.0,430.0,0.0,283.0,809,0.0,0.0,287.0,287,365.0
2007-04-09,933,0.0,6583.0,67.0,0.0,414.0,0.0,210.0,691,1.0,0.0,241.0,242,617.0
2007-04-16,769,0.0,6232.0,61.0,0.0,344.0,0.0,176.0,581,1.0,1.0,186.0,188,672.0
2007-04-23,605,0.0,5257.0,62.0,0.0,280.0,0.0,113.0,455,0.0,0.0,150.0,150,742.0
2007-04-30,409,0.0,4689.0,25.0,0.0,204.0,0.0,64.0,293,0.0,0.0,116.0,116,812.0
2007-05-07,363,0.0,4615.0,25.0,0.0,161.0,0.0,68.0,254,0.0,0.0,109.0,109,1144.0
2007-05-14,331,0.0,4427.0,40.0,0.0,120.0,0.0,70.0,230,0.0,0.0,101.0,101,1056.0
2007-05-21,364,0.0,4703.0,32.0,0.0,158.0,0.0,96.0,286,0.0,0.0,78.0,78,1737.0
2007-05-28,356,0.0,5066.0,12.0,0.0,160.0,0.0,123.0,295,0.0,0.0,61.0,61,2265.0
2007-06-04,400,0.0,5439.0,14.0,0.0,201.0,0.0,135.0,350,0.0,1.0,49.0,50,2526.0
2007-06-11,415,0.0,5077.0,5.0,0.0,195.0,0.0,139.0,339,0.0,0.0,76.0,76,2566.0
2007-06-18,510,0.0,5150.0,13.0,0.0,268.0,0.0,163.0,444,0.0,1.0,65.0,66,2553.0
2007-06-25,638,0.0,4189.0,9.0,0.0,388.0,0.0,148.0,545,0.0,0.0,93.0,93,1558.0
2007-07-02,739,0.0,4285.0,10.0,0.0,526.0,0.0,141.0,677,1.0,0.0,61.0,62,1900.0
2007-07-09,961,0.0,4519.0,35.0,0.0,674.0,0.0,146.0,855,0.0,0.0,106.0,106,1706.0
2007-07-16,760,0.0,4118.0,27.0,0.0,518.0,0.0,121.0,666,0.0,0.0,94.0,94,1429.0
2007-07-23,671,0.0,4197.0,45.0,0.0,352.0,0.0,178.0,575,9.0,7.0,80.0,96,1312.0
2007-07-30,520,0.0,3684.0,50.0,0.0,257.0,0.0,145.0,452,0.0,0.0,68.0,68,968.0
2007-08-06,465,0.0,3706.0,49.0,0.0,214.0,0.0,133.0,396,0.0,0.0,69.0,69,959.0
2007-08-13,400,0.0,3653.0,54.0,0.0,121.0,0.0,152.0,327,2.0,1.0,70.0,73,810.0
2007-08-20,329,0.0,3531.0,59.0,0.0,107.0,0.0,90.0,256,0.0,1.0,72.0,73,765.0
2007-08-27,257,0.0,3411.0,43.0,0.0,82.0,0.0,64.0,189,1.0,1.0,66.0,68,726.0
2007-09-03,224,0.0,3281.0,44.0,0.0,71.0,0.0,33.0,148,0.0,0.0,76.0,76,1042.0
2007-09-10,330,0.0,3443.0,62.0,0.0,63.0,0.0,118.0,243,1.0,2.0,84.0,87,985.0
2007-09-17,278,0.0,3088.0,66.0,0.0,48.0,0.0,99.0,213,0.0,2.0,63.0,65,783.0
2007-09-24,409,0.0,3275.0,49.0,0.0,40.0,0.0,229.0,318,0.0,4.0,87.0,91,963.0
2007-10-01,219,0.0,4624.0,65.0,0.0,42.0,0.0,39.0,146,1.0,0.0,72.0,73,838.0
2007-10-08,217,0.0,5099.0,93.0,0.0,36.0,0.0,45.0,174,0.0,2.0,41.0,43,727.0
2007-10-15,238,0.0,5647.0,55.0,0.0,49.0,0.0,53.0,157,0.0,0.0,81.0,81,544.0
2007-10-22,168,0.0,5610.0,67.0,0.0,15.0,0.0,35.0,117,0.0,0.0,51.0,51,649.0
2007-10-29,292,0.0,6453.0,69.0,0.0,47.0,0.0,90.0,206,1.0,0.0,85.0,86,649.0
2007-11-05,351,0.0,6822.0,110.0,0.0,41.0,0.0,102.0,253,0.0,0.0,98.0,98,662.0
2007-11-12,390,0.0,7650.0,160.0,0.0,31.0,0.0,115.0,306,1.0,0.0,83.0,84,707.0
2007-11-19,490,4.0,7706.0,151.0,0.0,34.0,0.0,188.0,373,1.0,0.0,116.0,117,448.0
2007-11-26,586,8.0,8467.0,294.0,0.0,55.0,0.0,117.0,466,1.0,0.0,119.0,120,654.0
2007-12-03,823,10.0,9676.0,332.0,0.0,65.0,0.0,253.0,650,2.0,1.0,170.0,173,747.0
2007-12-10,993,14.0,10359.0,471.0,0.0,70.0,0.0,207.0,748,6.0,0.0,239.0,245,671.0
2007-12-17,1099,12.0,9848.0,508.0,0.0,78.0,0.0,249.0,835,1.0,0.0,263.0,264,475.0
2007-12-24,910,3.0,8948.0,330.0,0.0,54.0,0.0,317.0,701,1.0,0.0,208.0,209,263.0
2007-12-31,1144,26.0,10126.0,326.0,0.0,109.0,0.0,446.0,881,8.0,0.0,255.0,263,408.0
2008-01-07,2383,138.0,12804.0,859.0,0.0,228.0,0.0,733.0,1820,17.0,5.0,541.0,563,543.0
2008-01-14,2872,12.0,13774.0,1025.0,0.0,283.0,0.0,984.0,2292,10.0,0.0,570.0,580,494.0
2008-01-21,3896,14.0,16348.0,1173.0,0.0,473.0,0.0,1513.0,3159,7.0,1.0,729.0,737,573.0
2008-01-28,5542,16.0,21311.0,1123.0,0.0,722.0,0.0,2594.0,4439,14.0,0.0,1089.0,1103,486.0
2008-02-04,6226,2.0,22537.0,966.0,0.0,891.0,0.0,3070.0,4927,26.0,1.0,1272.0,1299,427.0
2008-02-11,6184,17.0,23529.0,672.0,0.0,950.0,0.0,2953.0,4575,20.0,0.0,1589.0,1609,501.0
2008-02-18,6816,4.0,23689.0,715.0,0.0,1151.0,0.0,2923.0,4789,21.0,3.0,2003.0,2027,515.0
2008-02-25,5840,9.0,22225.0,506.0,0.0,947.0,0.0,2255.0,3708,13.0,0.0,2119.0,2132,495.0
2008-03-03,4796,13.0,20914.0,380.0,0.0,803.0,0.0,1607.0,2790,49.0,0.0,1957.0,2006,495.0
2008-03-10,3820,14.0,17230.0,339.0,0.0,684.0,0.0,998.0,2021,19.0,1.0,1779.0,1799,511.0
2008-03-17,3029,12.0,14302.0,261.0,0.0,557.0,0.0,669.0,1487,26.0,0.0,1516.0,1542,423.0
2008-03-24,2247,10.0,12258.0,164.0,0.0,323.0,0.0,474.0,961,19.0,1.0,1266.0,1286,657.0
2008-03-31,1567,9.0,10304.0,110.0,0.0,214.0,0.0,329.0,653,33.0,3.0,878.0,914,620.0
2008-04-07,1058,20.0,8045.0,65.0,0.0,99.0,0.0,185.0,349,28.0,0.0,681.0,709,440.0
2008-04-14,714,19.0,6544.0,50.0,0.0,96.0,0.0,120.0,266,30.0,1.0,417.0,448,472.0
2008-04-21,533,15.0,6227.0,45.0,0.0,68.0,0.0,92.0,205,31.0,3.0,294.0,328,509.0
2008-04-28,383,12.0,5062.0,29.0,0.0,67.0,0.0,65.0,161,37.0,6.0,179.0,222,667.0
2008-05-05,243,5.0,4937.0,22.0,0.0,38.0,0.0,33.0,93,19.0,2.0,129.0,150,1042.0
2008-05-12,208,15.0,4795.0,31.0,0.0,42.0,0.0,43.0,116,30.0,3.0,59.0,92,1095.0
2008-05-19,202,21.0,4540.0,26.0,0.0,62.0,0.0,32.0,120,29.0,5.0,48.0,82,1195.0
2008-05-26,193,2.0,4365.0,21.0,0.0,29.0,0.0,33.0,83,58.0,5.0,47.0,110,1126.0
2008-06-02,207,19.0,4332.0,40.0,0.0,21.0,0.0,49.0,110,38.0,4.0,55.0,97,1454.0
2008-06-09,226,12.0,4358.0,57.0,0.0,39.0,0.0,27.0,123,29.0,9.0,65.0,103,1545.0
2008-06-16,250,11.0,4236.0,50.0,0.0,30.0,0.0,50.0,130,42.0,0.0,78.0,120,1546.0
2008-06-23,393,37.0,4150.0,100.0,0.0,69.0,0.0,57.0,226,55.0,0.0,112.0,167,1476.0
2008-06-30,348,3.0,3814.0,74.0,0.0,62.0,0.0,90.0,226,39.0,2.0,81.0,122,1415.0
2008-07-07,357,5.0,3654.0,100.0,0.0,63.0,0.0,73.0,236,36.0,2.0,83.0,121,1269.0
2008-07-14,425,1.0,3718.0,125.0,0.0,109.0,0.0,70.0,304,50.0,7.0,64.0,121,1295.0
2008-07-21,587,14.0,3460.0,197.0,0.0,141.0,0.0,100.0,438,55.0,5.0,89.0,149,1123.0
2008-07-28,562,7.0,3067.0,213.0,0.0,147.0,0.0,60.0,420,54.0,12.0,76.0,142,956.0
2008-08-04,553,8.0,2970.0,175.0,0.0,214.0,0.0,53.0,442,37.0,11.0,63.0,111,940.0
2008-08-11,376,8.0,2951.0,114.0,0.0,125.0,0.0,43.0,282,26.0,6.0,62.0,94,1007.0
2008-08-18,443,13.0,2746.0,102.0,0.0,140.0,0.0,47.0,299,20.0,10.0,114.0,144,838.0
2008-08-25,466,25.0,2843.0,118.0,0.0,144.0,0.0,63.0,327,14.0,11.0,114.0,139,876.0
2008-09-01,404,16.0,3187.0,77.0,0.0,89.0,0.0,50.0,243,9.0,22.0,130.0,161,928.0
2008-09-08,345,7.0,3147.0,47.0,0.0,89.0,0.0,68.0,204,9.0,14.0,118.0,141,799.0
2008-09-15,220,8.0,3234.0,23.0,0.0,41.0,0.0,55.0,133,11.0,6.0,70.0,87,750.0
2008-09-22,269,2.0,2617.0,52.0,0.0,67.0,0.0,71.0,190,16.0,6.0,57.0,79,552.0
2008-09-29,231,1.0,5739.0,56.0,0.0,67.0,0.0,36.0,159,8.0,6.0,58.0,72,547.0
2008-10-06,206,12.0,6682.0,56.0,0.0,59.0,0.0,38.0,153,3.0,4.0,46.0,53,530.0
2008-10-13,184,10.0,7120.0,53.0,0.0,53.0,0.0,40.0,146,1.0,10.0,27.0,38,417.0
2008-10-20,175,4.0,6773.0,43.0,0.0,46.0,0.0,58.0,147,1.0,3.0,24.0,28,640.0
2008-10-27,298,25.0,8538.0,76.0,0.0,64.0,0.0,99.0,239,10.0,12.0,37.0,59,544.0
2008-11-03,321,6.0,9259.0,93.0,0.0,98.0,0.0,77.0,268,3.0,13.0,37.0,53,620.0
2008-11-10,426,21.0,9766.0,167.0,0.0,134.0,0.0,66.0,367,8.0,9.0,42.0,59,656.0
2008-11-17,475,30.0,10167.0,171.0,0.0,124.0,0.0,95.0,390,13.0,13.0,59.0,85,442.0
2008-11-24,649,36.0,11354.0,239.0,0.0,185.0,0.0,127.0,551,4.0,20.0,74.0,98,468.0
2008-12-01,968,22.0,12879.0,314.0,0.0,390.0,0.0,140.0,844,4.0,20.0,100.0,124,578.0
2008-12-08,1266,14.0,13412.0,446.0,0.0,502.0,0.0,181.0,1129,16.0,30.0,91.0,137,461.0
2008-12-15,1667,12.0,14290.0,528.0,0.0,619.0,0.0,354.0,1501,15.0,47.0,104.0,166,429.0
2008-12-22,1736,4.0,12585.0,490.0,0.0,598.0,0.0,487.0,1575,16.0,34.0,111.0,161,136.0
2008-12-29,1639,7544.0,13068.0,349.0,0.0,453.0,0.0,693.0,1496,17.0,47.0,79.0,143,402.0
2009-01-05,2709,8037.0,14875.0,777.0,0.0,829.0,0.0,902.0,2508,10.0,63.0,128.0,201,501.0
2009-01-12,3705,7993.0,16558.0,950.0,0.0,1240.0,0.0,1265.0,3458,14.0,40.0,193.0,247,586.0
2009-01-19,4644,9040.0,18423.0,1356.0,0.0,1271.0,0.0,1614.0,4241,16.0,64.0,323.0,403,537.0
2009-01-26,4834,10577.0,18769.0,1481.0,0.0,1102.0,1.0,1598.0,4182,8.0,79.0,565.0,652,576.0
2009-02-02,5274,12699.0,21282.0,1431.0,1.0,799.0,1.0,2010.0,4242,9.0,103.0,920.0,1032,591.0
2009-02-09,5459,13651.0,22732.0,1567.0,3.0,795.0,0.0,1786.0,4151,17.0,79.0,1212.0,1308,656.0
2009-02-16,5020,12689.0,21436.0,1546.0,0.0,615.0,0.0,1435.0,3601,13.0,143.0,1263.0,1419,766.0
2009-02-23,4726,12673.0,20806.0,1182.0,2.0,562.0,0.0,1269.0,3015,15.0,121.0,1575.0,1711,676.0
2009-03-02,4495,11631.0,19844.0,1020.0,2.0,516.0,0.0,1103.0,2641,13.0,150.0,1691.0,1854,731.0
2009-03-09,3703,10279.0,17459.0,695.0,7.0,412.0,0.0,813.0,1927,5.0,179.0,1592.0,1776,712.0
2009-03-16,2974,9306.0,16054.0,574.0,15.0,349.0,0.0,550.0,1488,13.0,174.0,1299.0,1486,682.0
2009-03-23,2103,7896.0,13780.0,406.0,26.0,282.0,0.0,370.0,1084,5.0,107.0,907.0,1019,702.0
2009-03-30,1809,6124.0,12288.0,261.0,56.0,430.0,0.0,236.0,983,6.0,127.0,693.0,826,743.0
2009-04-06,1159,5927.0,10171.0,209.0,40.0,183.0,0.0,175.0,607,7.0,92.0,453.0,552,734.0
2009-04-13,1085,5276.0,10846.0,132.0,150.0,132.0,0.0,172.0,586,5.0,103.0,391.0,499,1285.0
2009-04-20,2193,765.0,8661.0,105.0,1251.0,298.0,0.0,285.0,1939,9.0,82.0,163.0,254,3491.0
2009-04-27,8294,36279.0,48199.0,849.0,3546.0,1771.0,0.0,1028.0,7194,8.0,107.0,985.0,1100,4571.0
2009-05-04,8181,34643.0,46434.0,648.0,3989.0,1514.0,0.0,1341.0,7492,8.0,83.0,598.0,689,5430.0
2009-05-11,5339,17592.0,26261.0,252.0,2813.0,959.0,0.0,981.0,5005,9.0,65.0,260.0,334,4045.0
2009-05-18,6308,16599.0,22518.0,202.0,3776.0,1027.0,0.0,1011.0,6016,1.0,57.0,234.0,292,2855.0
2009-05-25,5972,15457.0,19873.0,132.0,3799.0,732.0,0.0,1189.0,5852,1.0,16.0,103.0,120,2038.0
2009-06-01,2482,2839.0,8402.0,92.0,1663.0,464.0,0.0,206.0,2425,0.0,6.0,51.0,57,2580.0
2009-06-08,3761,5077.0,10498.0,109.0,2912.0,415.0,0.0,258.0,3694,2.0,14.0,51.0,67,2639.0
2009-06-15,11310,24419.0,28154.0,221.0,8459.0,761.0,0.0,1687.0,11128,7.0,64.0,111.0,182,2722.0
2009-06-22,12941,26956.0,30482.0,198.0,10193.0,686.0,0.0,1748.0,12825,6.0,43.0,67.0,116,3512.0
2009-06-29,13797,29839.0,32434.0,374.0,11190.0,709.0,0.0,1429.0,13702,10.0,30.0,55.0,95,3797.0
2009-07-06,13078,25774.0,29824.0,244.0,10561.0,922.0,0.0,1244.0,12971,3.0,14.0,90.0,107,2576.0
2009-07-13,12914,25142.0,27671.0,241.0,10391.0,1005.0,0.0,1174.0,12813,2.0,38.0,61.0,101,2647.0
2009-07-20,12861,24088.0,30163.0,281.0,9992.0,1354.0,0.0,1118.0,12746,10.0,26.0,79.0,115,2236.0
2009-07-27,13575,25200.0,29734.0,262.0,9994.0,1547.0,0.0,1651.0,13460,9.0,17.0,89.0,115,2135.0
2009-08-03,9604,22698.0,28311.0,154.0,7292.0,684.0,0.0,1327.0,9488,4.0,1.0,111.0,116,1892.0
2009-08-10,11431,22557.0,28357.0,246.0,8336.0,1574.0,0.0,1147.0,11318,13.0,24.0,76.0,113,2032.0
2009-08-17,12294,23771.0,27997.0,266.0,8966.0,1790.0,0.0,1118.0,12163,24.0,6.0,101.0,131,2176.0
2009-08-24,12857,25820.0,32680.0,328.0,8524.0,2100.0,0.0,1763.0,12722,11.0,15.0,109.0,135,2161.0
2009-08-31,14552,29510.0,40345.0,311.0,9870.0,2015.0,0.0,2210.0,14408,21.0,17.0,106.0,144,2319.0
2009-09-07,18825,35464.0,49710.0,351.0,13095.0,2135.0,0.0,3013.0,18595,25.0,18.0,187.0,230,2749.0
2009-09-14,18492,35022.0,48604.0,215.0,13917.0,1284.0,0.0,2929.0,18346,13.0,9.0,124.0,146,2789.0
2009-09-21,20771,34924.0,51741.0,156.0,16624.0,892.0,0.0,2974.0,20646,10.0,5.0,110.0,125,3505.0
2009-09-28,18691,36251.0,52891.0,75.0,14559.0,563.0,0.0,3321.0,18518,19.0,6.0,148.0,173,4115.0
2009-10-05,19892,39465.0,54604.0,75.0,15837.0,450.0,0.0,3370.0,19732,16.0,0.0,144.0,160,3751.0
2009-10-12,23899,47833.0,61794.0,91.0,20026.0,407.0,0.0,3198.0,23722,23.0,3.0,151.0,177,3641.0
2009-10-19,28590,54896.0,69695.0,91.0,24308.0,295.0,0.0,3725.0,28419,13.0,12.0,146.0,171,3584.0
2009-10-26,30789,58183.0,74185.0,88.0,26139.0,286.0,0.0,4147.0,30660,9.0,1.0,119.0,129,3255.0
2009-11-02,33747,61623.0,83246.0,116.0,29449.0,264.0,0.0,3761.0,33591,3.0,10.0,143.0,156,3128.0
2009-11-09,33508,56756.0,82860.0,103.0,30740.0,203.0,0.0,2352.0,33398,13.0,2.0,95.0,110,2956.0
2009-11-16,33758,55981.0,81495.0,132.0,31314.0,256.0,1.0,1901.0,33604,9.0,1.0,144.0,154,2738.0
2009-11-23,26610,42909.0,66478.0,121.0,24381.0,171.0,0.0,1835.0,26508,9.0,1.0,92.0,102,2417.0
2009-11-30,20560,40736.0,59298.0,116.0,19000.0,122.0,0.0,1194.0,20432,11.0,7.0,110.0,128,2266.0
2009-12-07,17869,38434.0,56412.0,101.0,16391.0,196.0,1.0,945.0,17634,1.0,9.0,225.0,235,1917.0
2009-12-14,13821,35610.0,50006.0,55.0,12574.0,176.0,1.0,791.0,13597,1.0,1.0,222.0,224,1604.0
2009-12-21,10222,28918.0,39744.0,17.0,9067.0,171.0,0.0,530.0,9785,7.0,19.0,411.0,437,1185.0
2009-12-28,6749,27223.0,30783.0,17.0,5645.0,77.0,0.0,470.0,6209,11.0,40.0,489.0,540,856.0
2010-01-04,6875,29440.0,34360.0,18.0,5550.0,108.0,0.0,363.0,6039,17.0,79.0,740.0,836,1806.0
2010-01-11,5881,30238.0,35093.0,42.0,4104.0,85.0,2.0,449.0,4682,22.0,80.0,1097.0,1199,2180.0
2010-01-18,5447,27194.0,31755.0,39.0,3315.0,84.0,1.0,435.0,3874,8.0,61.0,1504.0,1573,2281.0
2010-01-25,4137,24621.0,28501.0,29.0,2193.0,87.0,0.0,286.0,2595,6.0,59.0,1477.0,1542,1341.0
2010-02-01,3870,23884.0,28292.0,18.0,1997.0,69.0,2.0,288.0,2374,39.0,128.0,1329.0,1496,1891.0
2010-02-08,3532,22192.0,26660.0,42.0,1822.0,73.0,2.0,305.0,2244,58.0,133.0,1097.0,1288,1967.0
2010-02-15,2846,19739.0,24185.0,58.0,1653.0,46.0,3.0,286.0,2046,17.0,54.0,729.0,800,2016.0
2010-02-22,2990,21359.0,25158.0,23.0,1369.0,67.0,2.0,247.0,1708,36.0,134.0,1112.0,1282,1953.0
2010-03-01,2997,20178.0,24243.0,16.0,1354.0,70.0,1.0,249.0,1690,41.0,121.0,1145.0,1307,2135.0
2010-03-08,3140,18312.0,22996.0,7.0,1329.0,54.0,2.0,230.0,1622,36.0,158.0,1324.0,1518,2189.0
2010-03-15,2982,17613.0,22240.0,8.0,991.0,46.0,0.0,235.0,1280,32.0,266.0,1404.0,1702,1925.0
2010-03-22,2677,18321.0,21204.0,18.0,896.0,69.0,2.0,128.0,1113,42.0,243.0,1279.0,1564,2076.0
2010-03-29,2485,17323.0,19835.0,15.0,748.0,85.0,1.0,150.0,999,45.0,254.0,1187.0,1486,2061.0
2010-04-05,1770,15188.0,17593.0,11.0,586.0,79.0,0.0,117.0,793,36.0,90.0,851.0,977,2020.0
2010-04-12,1478,12851.0,15454.0,19.0,476.0,94.0,0.0,75.0,664,28.0,105.0,681.0,814,2053.0
2010-04-19,1475,14815.0,17652.0,18.0,331.0,101.0,1.0,94.0,545,39.0,104.0,787.0,930,2487.0
2010-04-26,1226,12702.0,15450.0,5.0,280.0,72.0,0.0,63.0,420,29.0,138.0,639.0,806,2462.0
2010-05-03,1212,11592.0,14412.0,18.0,360.0,102.0,0.0,51.0,531,43.0,123.0,515.0,681,2835.0
2010-05-10,990,10266.0,12996.0,11.0,315.0,105.0,0.0,60.0,491,24.0,101.0,374.0,499,2952.0
2010-05-17,886,10274.0,13415.0,6.0,240.0,165.0,0.0,62.0,474,247.0,73.0,92.0,412,3274.0
2010-05-24,784,11838.0,14953.0,7.0,217.0,108.0,0.0,59.0,391,30.0,84.0,279.0,393,3069.0
2010-05-31,752,9671.0,13070.0,9.0,218.0,120.0,1.0,56.0,404,20.0,57.0,271.0,348,3768.0
2010-06-07,811,9753.0,13489.0,9.0,262.0,120.0,0.0,70.0,461,16.0,56.0,278.0,350,4112.0
2010-06-14,659,8218.0,12325.0,5.0,208.0,135.0,0.0,57.0,405,22.0,36.0,196.0,254,4214.0
2010-06-21,768,9163.0,12494.0,4.0,257.0,155.0,0.0,71.0,487,33.0,32.0,216.0,281,3650.0
2010-06-28,795,10137.0,14022.0,4.0,291.0,155.0,0.0,64.0,514,24.0,31.0,226.0,281,3613.0
2010-07-05,878,8514.0,11184.0,3.0,348.0,180.0,0.0,69.0,600,39.0,19.0,220.0,278,2950.0
2010-07-12,1057,8829.0,11625.0,1.0,416.0,202.0,0.0,89.0,708,45.0,22.0,282.0,349,3228.0
2010-07-19,1280,9205.0,11918.0,1.0,499.0,315.0,0.0,108.0,923,57.0,20.0,280.0,357,2919.0
2010-07-26,1357,10430.0,13128.0,1.0,581.0,293.0,0.0,111.0,986,43.0,8.0,320.0,371,2824.0
2010-08-02,1725,9685.0,11924.0,2.0,699.0,528.0,0.0,195.0,1424,43.0,10.0,248.0,301,2438.0
2010-08-09,1975,9676.0,11614.0,1.0,795.0,636.0,0.0,190.0,1622,46.0,5.0,302.0,353,2276.0
2010-08-16,2030,10171.0,11938.0,2.0,702.0,758.0,0.0,187.0,1649,61.0,4.0,316.0,381,2232.0
2010-08-23,2448,10086.0,12531.0,5.0,739.0,1038.0,0.0,284.0,2066,59.0,6.0,317.0,382,2460.0
2010-08-30,2822,13520.0,15556.0,3.0,638.0,1551.0,0.0,259.0,2451,45.0,14.0,312.0,371,3158.0
2010-09-06,2801,11931.0,14302.0,0.0,470.0,1653.0,0.0,330.0,2453,39.0,5.0,304.0,348,3049.0
2010-09-13,2732,12202.0,14502.0,5.0,380.0,1727.0,0.0,304.0,2416,48.0,9.0,259.0,316,2492.0
2010-09-20,2502,11718.0,14389.0,5.0,338.0,1556.0,0.0,228.0,2127,66.0,4.0,305.0,375,2618.0
2010-09-27,2236,11500.0,14398.0,3.0,264.0,1419.0,0.0,233.0,1919,36.0,12.0,269.0,317,2552.0
2010-10-04,2053,11236.0,14483.0,2.0,185.0,1245.0,0.0,272.0,1704,29.0,9.0,311.0,349,2409.0
2010-10-11,1963,12237.0,15743.0,3.0,154.0,1022.0,0.0,448.0,1627,31.0,7.0,298.0,336,2358.0
2010-10-18,1653,12185.0,15777.0,4.0,166.0,774.0,0.0,416.0,1360,16.0,8.0,269.0,293,2484.0
2010-10-25,1590,12554.0,16140.0,4.0,229.0,811.0,0.0,233.0,1277,19.0,8.0,286.0,313,2006.0
2010-11-01,1379,12477.0,15429.0,4.0,177.0,606.0,0.0,230.0,1017,15.0,11.0,336.0,362,1829.0
2010-11-08,1485,13543.0,16918.0,7.0,186.0,652.0,0.0,240.0,1085,16.0,16.0,368.0,400,1685.0
2010-11-15,1596,12993.0,16719.0,5.0,176.0,653.0,1.0,246.0,1081,13.0,20.0,482.0,515,1888.0
2010-11-22,2088,14029.0,18962.0,8.0,264.0,863.0,0.0,314.0,1449,15.0,38.0,586.0,639,1841.0
2010-11-29,2408,14360.0,19729.0,0.0,367.0,914.0,1.0,391.0,1673,16.0,63.0,656.0,735,1504.0
2010-12-06,3153,14849.0,20546.0,1.0,610.0,1196.0,0.0,438.0,2245,17.0,79.0,812.0,908,1206.0
2010-12-13,4859,16182.0,21959.0,2.0,1214.0,1345.0,1.0,942.0,3504,22.0,150.0,1183.0,1355,1472.0
2010-12-20,7815,17659.0,25697.0,0.0,2517.0,1614.0,1.0,1609.0,5741,10.0,120.0,1944.0,2074,1044.0
2010-12-27,9587,18433.0,29411.0,1.0,3464.0,1587.0,3.0,1972.0,7027,12.0,140.0,2408.0,2560,941.0
2011-01-03,12524,22494.0,35266.0,1.0,5269.0,1699.0,1.0,2633.0,9603,36.0,183.0,2702.0,2921,1262.0
2011-01-10,13918,22276.0,37681.0,6.0,6404.0,1769.0,0.0,2363.0,10542,16.0,212.0,3148.0,3376,1227.0
2011-01-17,16274,25520.0,43013.0,1.0,8289.0,2172.0,0.0,2159.0,12621,11.0,279.0,3363.0,3653,1230.0
2011-01-24,18371,27276.0,46109.0,0.0,9893.0,2114.0,0.0,2235.0,14242,25.0,334.0,3770.0,4129,1182.0
2011-01-31,18532,25767.0,46962.0,1.0,9649.0,2085.0,0.0,2193.0,13928,22.0,302.0,4280.0,4604,1094.0
2011-02-07,19310,28274.0,50050.0,0.0,10631.0,1994.0,1.0,1952.0,14578,27.0,394.0,4311.0,4732,991.0
2011-02-14,18028,30187.0,51050.0,0.0,9577.0,1992.0,0.0,2142.0,13711,33.0,328.0,3956.0,4317,1066.0
2011-02-21,13575,27949.0,40261.0,1.0,6665.0,1678.0,2.0,1473.0,9819,35.0,323.0,3398.0,3756,989.0
2011-02-28,11797,25409.0,41158.0,0.0,6103.0,1393.0,0.0,1123.0,8619,66.0,296.0,2816.0,3178,1071.0
2011-03-07,8032,23130.0,33952.0,0.0,3506.0,1156.0,0.0,801.0,5463,30.0,312.0,2227.0,2569,1028.0
2011-03-14,6751,20644.0,32177.0,2.0,3128.0,838.0,0.0,591.0,4559,50.0,278.0,1864.0,2192,1409.0
2011-03-21,4269,17951.0,26790.0,1.0,1594.0,602.0,0.0,456.0,2653,47.0,217.0,1352.0,1616,1422.0
2011-03-28,2979,15696.0,22654.0,0.0,996.0,418.0,0.0,275.0,1690,33.0,201.0,1055.0,1289,1608.0
2011-04-04,1997,13703.0,19548.0,0.0,443.0,354.0,1.0,174.0,972,19.0,174.0,832.0,1025,1823.0
2011-04-11,1461,12172.0,18106.0,0.0,309.0,258.0,0.0,106.0,673,21.0,135.0,632.0,788,1728.0
2011-04-18,1072,11039.0,15440.0,0.0,202.0,179.0,1.0,94.0,476,20.0,157.0,419.0,596,1501.0
2011-04-25,759,10233.0,14448.0,0.0,135.0,123.0,0.0,66.0,324,9.0,101.0,325.0,435,2354.0
2011-05-02,447,9215.0,12534.0,1.0,70.0,69.0,0.0,37.0,177,6.0,62.0,202.0,270,2518.0
2011-05-09,443,9481.0,13303.0,0.0,78.0,62.0,0.0,24.0,164,13.0,72.0,194.0,279,2851.0
2011-05-16,458,9287.0,13686.0,0.0,112.0,58.0,0.0,41.0,211,12.0,53.0,182.0,247,3385.0
2011-05-23,504,9521.0,12921.0,0.0,145.0,81.0,0.0,58.0,284,10.0,39.0,171.0,220,3521.0
2011-05-30,532,9017.0,12449.0,0.0,238.0,74.0,0.0,26.0,338,16.0,35.0,143.0,194,4119.0
2011-06-06,627,8892.0,12906.0,0.0,316.0,99.0,1.0,27.0,443,8.0,25.0,151.0,184,4815.0
2011-06-13,608,9146.0,12049.0,0.0,269.0,116.0,0.0,27.0,412,15.0,34.0,147.0,196,5032.0
2011-06-20,626,9132.0,11553.0,0.0,244.0,181.0,0.0,52.0,477,6.0,19.0,124.0,149,4624.0
2011-06-27,605,8276.0,11236.0,0.0,202.0,218.0,0.0,49.0,469,9.0,15.0,112.0,136,4834.0
2011-07-04,860,8688.0,11319.0,1.0,293.0,255.0,0.0,121.0,670,17.0,33.0,140.0,190,4687.0
2011-07-11,889,8556.0,11681.0,0.0,257.0,297.0,0.0,138.0,692,12.0,24.0,161.0,197,4545.0
2011-07-18,923,8481.0,11023.0,0.0,264.0,299.0,1.0,131.0,695,13.0,23.0,192.0,228,4157.0
2011-07-25,915,8169.0,10336.0,0.0,227.0,317.0,0.0,129.0,673,30.0,10.0,202.0,242,3593.0
2011-08-01,873,8350.0,10638.0,0.0,255.0,273.0,0.0,87.0,615,28.0,20.0,210.0,258,3069.0
2011-08-08,909,8527.0,10212.0,0.0,281.0,287.0,0.0,90.0,658,32.0,19.0,200.0,251,3032.0
2011-08-15,949,8405.0,10081.0,0.0,274.0,298.0,1.0,87.0,661,20.0,27.0,241.0,288,2955.0
2011-08-22,900,8350.0,9284.0,1.0,217.0,321.0,0.0,98.0,638,14.0,23.0,225.0,262,2615.0
2011-08-29,837,8334.0,9406.0,0.0,225.0,264.0,0.0,109.0,598,13.0,19.0,207.0,239,2887.0
2011-09-05,919,8661.0,9768.0,0.0,184.0,364.0,0.0,104.0,652,16.0,3.0,248.0,267,2748.0
2011-09-12,876,9354.0,11352.0,0.0,145.0,310.0,0.0,123.0,578,8.0,10.0,280.0,298,2671.0
2011-09-19,919,9400.0,10855.0,0.0,176.0,315.0,0.0,121.0,612,14.0,6.0,287.0,307,2276.0
2011-09-26,864,10478.0,12609.0,0.0,145.0,298.0,0.0,102.0,545,20.0,10.0,289.0,319,2063.0
2011-10-03,769,10992.0,13972.0,0.0,118.0,321.0,0.0,54.0,493,14.0,12.0,250.0,276,1882.0
2011-10-10,718,12579.0,15520.0,0.0,119.0,289.0,0.0,48.0,456,14.0,6.0,242.0,262,1895.0
2011-10-17,750,13044.0,16680.0,0.0,134.0,260.0,0.0,57.0,451,30.0,7.0,262.0,299,2196.0
2011-10-24,806,13971.0,17788.0,0.0,147.0,280.0,0.0,61.0,488,35.0,16.0,267.0,318,2115.0
2011-10-31,831,13294.0,17379.0,0.0,127.0,305.0,1.0,50.0,483,14.0,7.0,327.0,348,1732.0
2011-11-07,738,13458.0,18055.0,0.0,82.0,247.0,0.0,51.0,380,90.0,18.0,250.0,358,1817.0
2011-11-14,780,15042.0,20585.0,0.0,73.0,341.0,0.0,50.0,464,20.0,44.0,252.0,316,1712.0
2011-11-21,805,14565.0,19591.0,2.0,73.0,369.0,1.0,70.0,515,25.0,17.0,248.0,290,1507.0
2011-11-28,889,15398.0,20670.0,1.0,62.0,462.0,2.0,53.0,580,24.0,31.0,254.0,309,1426.0
2011-12-05,1096,15257.0,20745.0,0.0,59.0,580.0,0.0,101.0,740,14.0,40.0,302.0,356,1264.0
2011-12-12,1422,15993.0,22639.0,0.0,95.0,623.0,0.0,99.0,817,54.0,152.0,399.0,605,1408.0
2011-12-19,1686,15975.0,22202.0,1.0,140.0,607.0,0.0,172.0,920,62.0,141.0,563.0,766,1071.0
2011-12-26,1960,14900.0,19421.0,0.0,141.0,730.0,0.0,195.0,1066,35.0,115.0,744.0,894,943.0
2012-01-02,2568,15935.0,21458.0,0.0,310.0,767.0,0.0,258.0,1335,99.0,485.0,649.0,1233,1629.0
2012-01-09,3889,18200.0,25647.0,0.0,596.0,1340.0,0.0,255.0,2193,147.0,745.0,804.0,1696,1723.0
2012-01-16,4899,17937.0,26773.0,0.0,758.0,2139.0,3.0,412.0,3314,181.0,618.0,786.0,1585,2102.0
2012-01-23,4941,16156.0,26159.0,0.0,1021.0,2156.0,0.0,600.0,3778,165.0,404.0,594.0,1163,2404.0
2012-01-30,6479,19178.0,29526.0,0.0,977.0,2636.0,1.0,888.0,4502,296.0,741.0,940.0,1977,2163.0
2012-02-06,7505,20471.0,31676.0,0.0,961.0,2909.0,0.0,1308.0,5178,370.0,805.0,1152.0,2327,2206.0
2012-02-13,9212,22272.0,34250.0,0.0,698.0,3340.0,0.0,2115.0,6153,467.0,1123.0,1469.0,3059,1778.0
2012-02-20,10793,23134.0,35817.0,0.0,669.0,3959.0,1.0,2835.0,7464,436.0,1152.0,1741.0,3329,1652.0
2012-02-27,10980,23696.0,36110.0,0.0,699.0,4232.0,0.0,3106.0,8037,399.0,990.0,1554.0,2943,1663.0
2012-03-05,10056,23170.0,34085.0,0.0,710.0,4154.0,1.0,2425.0,7290,379.0,906.0,1481.0,2766,1770.0
2012-03-12,10070,24187.0,35240.0,0.0,801.0,4352.0,0.0,2434.0,7587,320.0,722.0,1441.0,2483,1799.0
2012-03-19,8473,22754.0,33034.0,0.0,711.0,3795.0,0.0,1970.0,6476,304.0,484.0,1209.0,1997,1977.0
2012-03-26,7063,22248.0,30652.0,0.0,572.0,3275.0,0.0,1551.0,5398,242.0,335.0,1088.0,1665,1880.0
2012-04-02,4932,17488.0,24778.0,0.0,443.0,2368.0,1.0,978.0,3790,136.0,151.0,855.0,1142,1309.0
2012-04-09,4305,18029.0,24113.0,0.0,362.0,2160.0,0.0,733.0,3255,133.0,128.0,789.0,1050,1969.0
2012-04-16,3728,16685.0,22534.0,0.0,261.0,1871.0,0.0,601.0,2733,78.0,108.0,809.0,995,1819.0
2012-04-23,2675,14732.0,18996.0,0.0,176.0,1366.0,0.0,410.0,1952,78.0,53.0,592.0,723,1868.0
2012-04-30,2105,13568.0,15937.0,0.0,130.0,1158.0,0.0,253.0,1541,36.0,38.0,490.0,564,1807.0
2012-05-07,1911,13535.0,16084.0,0.0,110.0,1089.0,0.0,197.0,1396,41.0,29.0,445.0,515,2383.0
2012-05-14,1956,14162.0,16213.0,0.0,127.0,1183.0,0.0,147.0,1457,32.0,23.0,444.0,499,2830.0
2012-05-21,1960,13765.0,14042.0,0.0,96.0,1272.0,0.0,129.0,1497,26.0,16.0,421.0,463,3045.0
2012-05-28,1713,13245.0,15473.0,0.0,127.0,1075.0,2.0,115.0,1319,26.0,16.0,352.0,394,4016.0
2012-06-04,1585,13942.0,16085.0,0.0,101.0,966.0,3.0,108.0,1178,21.0,13.0,373.0,407,4759.0
2012-06-11,1507,13480.0,15412.0,0.0,108.0,850.0,0.0,143.0,1101,31.0,9.0,366.0,406,5296.0
2012-06-18,1388,13000.0,15126.0,0.0,110.0,846.0,0.0,120.0,1076,20.0,18.0,274.0,312,5161.0
2012-06-25,1652,13757.0,16405.0,0.0,146.0,1029.0,0.0,123.0,1298,34.0,11.0,309.0,354,5874.0
2012-07-02,1885,13499.0,15320.0,0.0,192.0,1236.0,0.0,108.0,1536,26.0,19.0,304.0,349,4953.0
2012-07-09,2186,14254.0,15738.0,0.0,176.0,1421.0,0.0,150.0,1748,40.0,53.0,345.0,438,4945.0
2012-07-16,2043,13812.0,15560.0,0.0,165.0,1334.0,0.0,124.0,1623,28.0,22.0,370.0,420,4853.0
2012-07-23,2276,12976.0,14925.0,0.0,190.0,1491.0,0.0,167.0,1857,23.0,24.0,372.0,419,4375.0
2012-07-30,2215,12534.0,14151.0,0.0,164.0,1379.0,0.0,153.0,1791,17.0,45.0,362.0,424,3715.0
2012-08-06,1965,12821.0,13812.0,0.0,144.0,1162.0,0.0,139.0,1518,140.0,35.0,272.0,447,3455.0
2012-08-13,1934,12720.0,13822.0,0.0,169.0,1133.0,0.0,140.0,1494,58.0,37.0,345.0,440,3516.0
2012-08-20,1714,12314.0,13355.0,0.0,212.0,822.0,0.0,158.0,1207,40.0,55.0,412.0,507,3312.0
2012-08-27,1659,12007.0,13346.0,0.0,222.0,762.0,0.0,135.0,1131,34.0,57.0,437.0,528,3167.0
2012-09-03,1548,12500.0,13636.0,1.0,217.0,529.0,0.0,206.0,958,25.0,46.0,519.0,590,2831.0
2012-09-10,1483,12965.0,14571.0,0.0,247.0,443.0,0.0,159.0,851,43.0,73.0,516.0,632,3018.0
2012-09-17,1297,13101.0,15212.0,0.0,204.0,408.0,0.0,135.0,747,34.0,63.0,453.0,550,2573.0
2012-09-24,1192,12062.0,14171.0,0.0,183.0,313.0,0.0,127.0,623,40.0,69.0,460.0,569,2659.0
2012-10-01,1017,13502.0,18332.0,0.0,177.0,265.0,0.0,98.0,540,23.0,69.0,385.0,477,2570.0
2012-10-08,976,16116.0,20739.0,0.0,179.0,292.0,0.0,103.0,574,37.0,50.0,315.0,402,2365.0
2012-10-15,1057,16725.0,21654.0,0.0,132.0,327.0,0.0,146.0,605,27.0,60.0,365.0,452,2384.0
2012-10-22,1052,16077.0,21689.0,0.0,119.0,364.0,0.0,141.0,624,23.0,46.0,359.0,428,2229.0
2012-10-29,1142,15977.0,22312.0,0.0,132.0,400.0,0.0,196.0,728,31.0,29.0,354.0,414,1876.0
2012-11-05,1490,17882.0,24014.0,0.0,154.0,545.0,0.0,199.0,898,42.0,40.0,510.0,592,1980.0
2012-11-12,1720,18310.0,25007.0,0.0,163.0,641.0,0.0,296.0,1102,42.0,53.0,523.0,618,1705.0
2012-11-19,2310,19536.0,26719.0,0.0,126.0,992.0,0.0,518.0,1636,55.0,25.0,594.0,674,1437.0
2012-11-26,3142,21279.0,29331.0,0.0,160.0,1447.0,0.0,651.0,2258,49.0,55.0,780.0,884,1517.0
2012-12-03,4925,24314.0,33187.0,0.0,230.0,2400.0,0.0,1114.0,3744,96.0,44.0,1041.0,1181,1286.0
2012-12-10,6775,27221.0,36513.0,0.0,364.0,3448.0,1.0,1410.0,5223,145.0,61.0,1346.0,1552,1090.0
2012-12-17,8715,28793.0,38042.0,0.0,470.0,4709.0,0.0,1629.0,6808,136.0,45.0,1726.0,1907,1105.0
2012-12-24,9988,29078.0,36838.0,0.0,676.0,4765.0,0.0,2327.0,7768,159.0,27.0,2034.0,2220,788.0
2012-12-31,11495,23850.0,37109.0,0.0,1278.0,4673.0,0.0,2978.0,8929,209.0,59.0,2298.0,2566,1072.0
2013-01-07,13841,34439.0,50512.0,0.0,2179.0,5843.0,1.0,3048.0,11071,296.0,59.0,2415.0,2770,1292.0
2013-01-14,13529,36033.0,51318.0,4.0,2327.0,5302.0,1.0,2953.0,10587,417.0,75.0,2450.0,2942,1426.0
2013-01-21,15795,34632.0,53532.0,5.0,3790.0,4749.0,3.0,3303.0,11850,554.0,87.0,3304.0,3945,1387.0
2013-01-28,16163,32615.0,52793.0,0.0,4216.0,4134.0,0.0,3021.0,11371,534.0,72.0,4186.0,4792,1334.0
2013-02-04,16455,30527.0,52610.0,0.0,4562.0,3492.0,2.0,3183.0,11239,661.0,79.0,4476.0,5216,1468.0
2013-02-11,15720,28710.0,52610.0,0.0,4336.0,2782.0,2.0,3061.0,10181,663.0,86.0,4790.0,5539,1282.0
2013-02-18,15148,29192.0,52282.0,0.0,4302.0,2589.0,0.0,2600.0,9491,604.0,100.0,4953.0,5657,1293.0
2013-02-25,14577,29441.0,53666.0,0.0,4024.0,2607.0,0.0,2486.0,9117,539.0,68.0,4853.0,5460,1365.0
2013-03-04,12965,27901.0,49469.0,0.0,3368.0,2328.0,0.0,2198.0,7894,524.0,87.0,4460.0,5071,1453.0
2013-03-11,10548,27340.0,45246.0,0.0,2598.0,1954.0,0.0,1458.0,6012,407.0,67.0,4062.0,4536,1606.0
2013-03-18,8672,24776.0,41332.0,0.0,2048.0,1525.0,0.0,1204.0,4779,383.0,77.0,3433.0,3893,1735.0
2013-03-25,6436,21620.0,34560.0,0.0,1408.0,1219.0,1.0,854.0,3483,273.0,59.0,2621.0,2953,1298.0
2013-04-01,5429,21096.0,32616.0,0.0,1099.0,981.0,1.0,609.0,2692,250.0,30.0,2457.0,2737,1515.0
2013-04-08,4883,22317.0,32555.0,0.0,1173.0,888.0,0.0,543.0,2606,215.0,18.0,2044.0,2277,1784.0
2013-04-15,3656,20723.0,28827.0,0.0,927.0,686.0,1.0,340.0,1955,161.0,24.0,1516.0,1701,1939.0
2013-04-22,2569,19012.0,25473.0,0.0,837.0,398.0,0.0,207.0,1446,83.0,25.0,1015.0,1123,2110.0
2013-04-29,1900,16392.0,21286.0,0.0,731.0,287.0,1.0,148.0,1167,52.0,22.0,659.0,733,2264.0
2013-05-06,1622,16561.0,20925.0,1.0,716.0,219.0,2.0,126.0,1064,64.0,12.0,482.0,558,2503.0
2013-05-13,1592,16539.0,21661.0,0.0,632.0,260.0,0.0,148.0,1040,47.0,26.0,479.0,552,2966.0
2013-05-20,1521,17188.0,20949.0,0.0,770.0,242.0,0.0,91.0,1103,36.0,21.0,361.0,418,3604.0
2013-05-27,1300,15470.0,19341.0,0.0,658.0,209.0,0.0,80.0,947,23.0,17.0,313.0,353,3347.0
2013-06-03,1452,15356.0,19685.0,0.0,764.0,275.0,0.0,107.0,1146,16.0,10.0,280.0,306,3952.0
2013-06-10,1908,14944.0,19972.0,0.0,1074.0,383.0,0.0,135.0,1592,15.0,14.0,287.0,316,4638.0
2013-06-17,1714,15293.0,19946.0,1.0,879.0,390.0,1.0,147.0,1420,13.0,13.0,268.0,294,4223.0
2013-06-24,1850,14173.0,19883.0,0.0,961.0,394.0,1.0,224.0,1586,11.0,10.0,243.0,264,5511.0
2013-07-01,1876,14094.0,20249.0,1.0,872.0,487.0,1.0,256.0,1622,6.0,8.0,240.0,254,5687.0
2013-07-08,1596,14054.0,18832.0,0.0,646.0,476.0,0.0,237.0,1359,10.0,8.0,219.0,237,5218.0
2013-07-15,1542,14253.0,19291.0,0.0,514.0,510.0,0.0,248.0,1273,6.0,6.0,257.0,269,5637.0
2013-07-22,1372,13730.0,17962.0,0.0,372.0,472.0,0.0,293.0,1138,25.0,4.0,205.0,234,4458.0
2013-07-29,1270,13330.0,16543.0,0.0,329.0,528.0,0.0,216.0,1075,18.0,6.0,171.0,195,3926.0
2013-08-05,1204,13102.0,16331.0,0.0,265.0,489.0,1.0,218.0,973,12.0,7.0,212.0,231,3565.0
2013-08-12,1193,13267.0,15941.0,0.0,210.0,548.0,1.0,175.0,934,11.0,9.0,239.0,259,3349.0
2013-08-19,1013,13779.0,16393.0,0.0,211.0,426.0,0.0,155.0,793,25.0,6.0,189.0,220,3075.0
2013-08-26,1277,14035.0,16127.0,0.0,251.0,525.0,1.0,231.0,1009,15.0,7.0,246.0,268,2729.0
2013-09-02,1228,14170.0,16224.0,0.0,207.0,480.0,0.0,231.0,918,26.0,7.0,277.0,310,2594.0
2013-09-09,1420,15275.0,17534.0,0.0,244.0,706.0,2.0,166.0,1118,22.0,10.0,270.0,302,2176.0
2013-09-16,1400,15062.0,17691.0,0.0,219.0,656.0,0.0,189.0,1064,42.0,7.0,287.0,336,1755.0
2013-09-23,1304,16550.0,18983.0,0.0,223.0,587.0,0.0,161.0,971,39.0,12.0,282.0,333,1700.0
2013-09-30,1199,15781.0,20323.0,0.0,201.0,472.0,0.0,220.0,894,29.0,8.0,268.0,305,1568.0
2013-10-07,1206,19395.0,24446.0,0.0,204.0,491.0,1.0,204.0,902,44.0,14.0,246.0,304,1383.0
2013-10-14,994,19538.0,24789.0,0.0,155.0,411.0,0.0,175.0,741,38.0,4.0,211.0,253,1250.0
2013-10-21,1056,20055.0,25210.0,0.0,199.0,352.0,1.0,206.0,758,24.0,12.0,262.0,298,1079.0
2013-10-28,1241,21038.0,26591.0,0.0,295.0,409.0,1.0,222.0,927,63.0,3.0,248.0,314,1062.0
2013-11-04,1356,21601.0,26388.0,0.0,345.0,428.0,3.0,248.0,1024,31.0,7.0,294.0,332,940.0
2013-11-11,1673,22599.0,28775.0,0.0,525.0,470.0,0.0,263.0,1258,102.0,5.0,308.0,415,842.0
2013-11-18,2043,23478.0,29666.0,0.0,664.0,514.0,0.0,342.0,1520,70.0,14.0,439.0,523,847.0
2013-11-25,2778,23902.0,31173.0,0.0,850.0,815.0,0.0,434.0,2100,195.0,22.0,461.0,678,655.0
2013-12-02,4030,27274.0,34656.0,0.0,1458.0,1010.0,0.0,791.0,3260,214.0,32.0,524.0,770,630.0
2013-12-09,4798,27832.0,34739.0,0.0,1721.0,1211.0,0.0,982.0,3914,203.0,52.0,629.0,884,127.0
2013-12-16,7127,31622.0,38481.0,0.0,2963.0,1417.0,0.0,1784.0,6165,167.0,28.0,767.0,962,98.0
2013-12-23,9522,33571.0,41498.0,0.0,4497.0,1667.0,0.0,2077.0,8242,394.0,32.0,854.0,1280,564.0
2013-12-30,10889,34478.0,42444.0,0.0,5892.0,1663.0,0.0,2042.0,9598,390.0,37.0,864.0,1291,867.0
2014-01-06,12691,36816.0,46657.0,0.0,7301.0,1911.0,0.0,2002.0,11216,353.0,72.0,1050.0,1475,1606.0
2014-01-13,13619,36651.0,49077.0,0.0,7759.0,2106.0,1.0,2057.0,11929,496.0,102.0,1092.0,1690,1696.0
2014-01-20,13590,36561.0,49095.0,0.0,7438.0,2242.0,0.0,2192.0,11872,321.0,104.0,1293.0,1718,1683.0
2014-01-27,11481,31992.0,44845.0,0.0,5984.0,1935.0,1.0,2158.0,10079,325.0,107.0,970.0,1402,1732.0
2014-02-03,11931,32271.0,47336.0,0.0,5938.0,2085.0,2.0,2227.0,10252,461.0,107.0,1111.0,1679,1909.0
2014-02-10,11845,31857.0,48748.0,1.0,5330.0,2339.0,1.0,2383.0,10058,576.0,104.0,1107.0,1787,1557.0
2014-02-17,11328,32361.0,48332.0,0.0,4794.0,2269.0,2.0,2342.0,9408,654.0,114.0,1152.0,1920,1252.0
2014-02-24,10695,31608.0,47727.0,0.0,4063.0,2193.0,0.0,2284.0,8541,776.0,117.0,1261.0,2154,1195.0
2014-03-03,9360,29972.0,45230.0,0.0,3158.0,2140.0,3.0,1924.0,7226,676.0,106.0,1352.0,2134,1119.0
2014-03-10,8400,29019.0,42050.0,0.0,2489.0,2103.0,1.0,1632.0,6225,540.0,93.0,1542.0,2175,1188.0
2014-03-17,7645,28355.0,41315.0,0.0,1988.0,1872.0,0.0,1445.0,5307,711.0,95.0,1532.0,2338,1146.0
2014-03-24,6019,26866.0,37638.0,0.0,1466.0,1503.0,0.0,1007.0,3977,525.0,90.0,1427.0,2042,1161.0
2014-03-31,4989,22905.0,32608.0,1.0,1068.0,1285.0,0.0,935.0,3290,283.0,54.0,1362.0,1699,1065.0
2014-04-07,4243,22051.0,30224.0,0.0,754.0,1114.0,0.0,827.0,2697,273.0,38.0,1235.0,1546,1136.0
2014-04-14,2564,18706.0,22968.0,0.0,446.0,559.0,0.0,468.0,1475,252.0,27.0,810.0,1089,1077.0
2014-04-21,2890,19965.0,26266.0,4.0,390.0,841.0,0.0,443.0,1682,238.0,25.0,945.0,1208,1433.0
2014-04-28,2572,18711.0,23988.0,0.0,323.0,770.0,0.0,328.0,1424,205.0,17.0,926.0,1148,1166.0
2014-05-05,2062,18953.0,24021.0,0.0,289.0,590.0,0.0,294.0,1174,155.0,16.0,717.0,888,1670.0
2014-05-12,1645,17113.0,21085.0,0.0,214.0,527.0,0.0,236.0,979,118.0,14.0,534.0,666,1856.0
2014-05-19,1210,16539.0,17391.0,0.0,126.0,481.0,0.0,94.0,701,78.0,18.0,413.0,509,1953.0
2014-05-26,1310,16163.0,16985.0,0.0,139.0,591.0,0.0,112.0,843,93.0,10.0,364.0,467,2534.0
2014-06-02,1495,16482.0,18491.0,0.0,148.0,850.0,1.0,109.0,1108,121.0,3.0,263.0,387,3188.0
2014-06-09,1762,16607.0,18677.0,0.0,178.0,1125.0,0.0,100.0,1404,98.0,9.0,251.0,358,3452.0
2014-06-16,1646,16683.0,17891.0,0.0,158.0,1018.0,0.0,100.0,1277,100.0,7.0,262.0,369,2818.0
2014-06-23,1759,15110.0,15920.0,0.0,169.0,1140.0,0.0,133.0,1442,55.0,7.0,255.0,317,3564.0
2014-06-30,2036,15099.0,15217.0,0.0,198.0,1330.0,0.0,197.0,1725,65.0,5.0,241.0,311,3451.0
2014-07-07,2361,15604.0,15948.0,0.0,246.0,1636.0,0.0,173.0,2055,92.0,7.0,207.0,306,2947.0
2014-07-14,2595,15067.0,15554.0,0.0,281.0,1796.0,0.0,208.0,2285,79.0,12.0,219.0,310,3073.0
2014-07-21,2585,14949.0,14846.0,0.0,293.0,1776.0,0.0,196.0,2265,65.0,14.0,241.0,320,2498.0
2014-07-28,2559,14344.0,14052.0,0.0,292.0,1764.0,0.0,229.0,2286,53.0,9.0,211.0,273,2525.0
2014-08-04,2384,14418.0,13298.0,0.0,312.0,1524.0,0.0,238.0,2075,40.0,7.0,262.0,309,2211.0
2014-08-11,2347,14909.0,13725.0,0.0,340.0,1446.0,0.0,196.0,1982,57.0,9.0,299.0,365,2163.0
2014-08-18,2292,14719.0,14088.0,0.0,384.0,1293.0,0.0,242.0,1920,47.0,5.0,320.0,372,2110.0
2014-08-25,2048,15247.0,14790.0,0.0,293.0,1147.0,0.0,262.0,1702,88.0,4.0,254.0,346,2029.0
2014-09-01,1871,17052.0,15940.0,0.0,252.0,1045.0,0.0,202.0,1499,67.0,6.0,299.0,372,1813.0
2014-09-08,1548,18306.0,15621.0,0.0,190.0,852.0,0.0,171.0,1213,87.0,3.0,245.0,335,363.0
2014-09-15,1283,18538.0,15639.0,0.0,124.0,672.0,0.0,126.0,922,77.0,1.0,283.0,361,456.0
2014-09-22,946,18166.0,16493.0,0.0,67.0,474.0,0.0,86.0,627,58.0,2.0,259.0,319,499.0
2014-09-29,982,22933.0,23616.0,0.0,44.0,457.0,0.0,130.0,631,56.0,4.0,291.0,351,446.0
2014-10-06,1073,24706.0,24835.0,0.0,49.0,483.0,0.0,175.0,707,45.0,2.0,319.0,366,516.0
2014-10-13,1140,27532.0,28533.0,0.0,38.0,497.0,0.0,239.0,775,40.0,3.0,322.0,365,448.0
2014-10-20,1200,26006.0,25053.0,0.0,57.0,527.0,0.0,259.0,843,47.0,3.0,307.0,357,524.0
2014-10-27,1385,26419.0,26588.0,0.0,36.0,675.0,0.0,344.0,1055,33.0,6.0,291.0,330,602.0
2014-11-03,1899,28057.0,28625.0,0.0,47.0,971.0,0.0,521.0,1539,42.0,4.0,314.0,360,766.0
2014-11-10,2328,28692.0,29250.0,0.0,43.0,1286.0,1.0,666.0,1996,53.0,5.0,274.0,332,605.0
2014-11-17,3703,31684.0,31654.0,0.0,51.0,1974.0,2.0,1299.0,3326,81.0,2.0,294.0,377,527.0
2014-11-24,5135,34086.0,33679.0,0.0,61.0,2665.0,4.0,1971.0,4701,63.0,3.0,368.0,434,569.0
2014-12-01,7097,37732.0,37641.0,0.0,68.0,4064.0,4.0,2494.0,6630,71.0,4.0,392.0,467,514.0
2014-12-08,10906,45676.0,45863.0,0.0,110.0,6011.0,2.0,4157.0,10280,130.0,7.0,489.0,626,316.0
2014-12-15,14763,54060.0,54030.0,0.0,129.0,7619.0,0.0,6335.0,14083,191.0,9.0,480.0,680,141.0
2014-12-22,17222,58675.0,58356.0,0.0,94.0,8118.0,0.0,8077.0,16290,324.0,9.0,599.0,932,113.0
2014-12-29,14175,55981.0,51410.0,0.0,103.0,7440.0,0.0,5759.0,13302,363.0,4.0,506.0,873,79.0
2015-01-05,14512,55597.0,57200.0,0.0,305.0,8490.0,0.0,4425.0,13220,657.0,17.0,618.0,1292,135.0
2015-01-12,14945,54633.0,57753.0,1.0,448.0,8304.0,0.0,4376.0,13129,870.0,15.0,931.0,1816,508.0
2015-01-19,15851,55285.0,58567.0,5.0,586.0,8236.0,10.0,4867.0,13706,964.0,22.0,1159.0,2145,539.0
2015-01-26,15718,53496.0,56940.0,6.0,571.0,7923.0,0.0,4841.0,13341,895.0,42.0,1440.0,2377,554.0
2015-02-02,15441,52273.0,57417.0,0.0,765.0,6694.0,7.0,5273.0,12739,857.0,20.0,1825.0,2702,565.0
2015-02-09,14786,50256.0,56591.0,0.0,879.0,5201.0,14.0,5610.0,11704,894.0,25.0,2163.0,3082,571.0
2015-02-16,13643,45216.0,53165.0,0.0,1222.0,4077.0,0.0,4962.0,10261,760.0,17.0,2605.0,3382,540.0
2015-02-23,11760,46369.0,52405.0,0.0,1359.0,3300.0,14.0,3243.0,7917,911.0,29.0,2903.0,3843,704.0
2015-03-02,9650,44946.0,49312.0,0.0,1448.0,2531.0,7.0,1898.0,5884,894.0,29.0,2843.0,3766,716.0
2015-03-09,8179,42724.0,45396.0,0.0,1239.0,1802.0,0.0,1129.0,4172,1057.0,31.0,2919.0,4007,802.0
2015-03-16,6587,40008.0,40296.0,0.0,805.0,1417.0,0.0,733.0,2955,949.0,35.0,2648.0,3632,910.0
2015-03-23,5259,36887.0,36349.0,0.0,454.0,1042.0,0.0,430.0,1926,907.0,27.0,2399.0,3333,923.0
2015-03-30,4205,31483.0,32329.0,0.0,273.0,701.0,0.0,304.0,1278,837.0,26.0,2064.0,2927,757.0
2015-04-06,3324,30488.0,28432.0,0.0,279.0,614.0,0.0,173.0,1066,583.0,38.0,1637.0,2258,1004.0
2015-04-13,2534,27486.0,24131.0,0.0,207.0,466.0,0.0,115.0,788,491.0,30.0,1225.0,1746,1025.0
2015-04-20,2184,26067.0,24078.0,0.0,172.0,479.0,0.0,74.0,725,550.0,24.0,885.0,1459,1062.0
2015-04-27,1715,23803.0,21843.0,0.0,151.0,378.0,0.0,75.0,605,384.0,28.0,698.0,1110,1077.0
2015-05-04,1581,23166.0,21011.0,0.0,142.0,361.0,0.0,57.0,560,374.0,28.0,619.0,1021,1384.0
2015-05-11,1400,22240.0,20310.0,0.0,164.0,398.0,0.0,74.0,636,301.0,16.0,447.0,764,1691.0
2015-05-18,1378,21240.0,19199.0,0.0,149.0,533.0,0.0,88.0,770,205.0,17.0,386.0,608,1859.0
2015-05-25,1325,20143.0,17961.0,0.0,139.0,622.0,0.0,120.0,882,168.0,10.0,265.0,443,1998.0
2015-06-01,1708,20299.0,18744.0,0.0,107.0,1020.0,0.0,127.0,1254,194.0,18.0,242.0,454,2590.0
2015-06-08,2260,20957.0,18871.0,0.0,158.0,1455.0,0.0,230.0,1843,185.0,10.0,222.0,417,2717.0
2015-06-15,2638,19731.0,18297.0,0.0,170.0,1905.0,0.0,219.0,2294,190.0,6.0,148.0,344,3311.0
2015-06-22,2749,19473.0,17000.0,0.0,180.0,2051.0,0.0,220.0,2451,155.0,6.0,137.0,298,3235.0
2015-06-29,2990,18900.0,21292.0,0.0,187.0,2312.0,0.0,172.0,2671,188.0,6.0,125.0,319,6230.0
2015-07-06,2747,18872.0,20518.0,0.0,178.0,2087.0,0.0,147.0,2413,153.0,0.0,181.0,334,5845.0
2015-07-13,2456,17583.0,18935.0,0.0,113.0,1777.0,0.0,247.0,2137,95.0,10.0,214.0,319,5643.0
2015-07-20,2493,17358.0,18314.0,0.0,110.0,1811.0,0.0,234.0,2155,119.0,2.0,217.0,338,4963.0
2015-07-27,2576,17021.0,17551.0,0.0,75.0,1799.0,0.0,295.0,2169,107.0,7.0,293.0,407,4923.0
2015-08-03,2334,17617.0,18171.0,0.0,111.0,1553.0,0.0,283.0,1947,96.0,3.0,288.0,387,4720.0
2015-08-10,2180,17582.0,17476.0,0.0,101.0,1380.0,0.0,253.0,1734,96.0,4.0,346.0,446,4382.0
2015-08-17,1975,17180.0,16764.0,0.0,90.0,1233.0,0.0,215.0,1538,85.0,6.0,346.0,437,4096.0
2015-08-24,1936,17973.0,18109.0,0.0,122.0,1170.0,0.0,215.0,1507,71.0,8.0,350.0,429,4435.0
2015-08-31,1574,17703.0,17466.0,0.0,106.0,872.0,0.0,201.0,1179,47.0,8.0,340.0,395,4086.0
2015-09-07,1437,19092.0,19135.0,1.0,109.0,733.0,0.0,151.0,994,60.0,8.0,375.0,443,4260.0
2015-09-14,1139,19622.0,19021.0,0.0,116.0,520.0,0.0,135.0,771,62.0,8.0,298.0,368,4300.0
2015-09-21,979,19765.0,19399.0,0.0,106.0,391.0,0.0,118.0,615,82.0,37.0,245.0,364,3992.0
2015-09-28,807,19406.0,19481.0,0.0,143.0,270.0,0.0,121.0,534,61.0,23.0,189.0,273,3648.0
2015-10-05,854,28471.0,29248.0,0.0,173.0,336.0,0.0,141.0,650,47.0,8.0,149.0,204,16642.0
2015-10-12,850,31078.0,31456.0,0.0,200.0,293.0,1.0,164.0,658,56.0,3.0,133.0,192,17495.0
2015-10-19,974,32192.0,32922.0,0.0,312.0,278.0,0.0,145.0,735,76.0,12.0,151.0,239,17962.0
2015-10-26,998,32640.0,33228.0,0.0,393.0,191.0,0.0,172.0,756,68.0,17.0,157.0,242,17972.0
2015-11-02,998,33834.0,33948.0,0.0,392.0,193.0,0.0,161.0,746,93.0,14.0,145.0,252,19271.0
2015-11-09,1574,44619.0,43153.0,0.0,606.0,336.0,0.0,220.0,1163,158.0,45.0,208.0,411,28819.0
2015-11-16,1086,18039.0,17560.0,0.0,514.0,205.0,0.0,122.0,841,103.0,29.0,113.0,245,11502.0
2015-11-23,833,15207.0,13985.0,0.0,399.0,132.0,0.0,128.0,659,69.0,22.0,83.0,174,7952.0
2015-11-30,1218,19070.0,19757.0,0.0,499.0,298.0,0.0,108.0,905,123.0,64.0,126.0,313,13215.0
2015-12-07,1758,19718.0,20055.0,1.0,824.0,352.0,0.0,219.0,1396,149.0,75.0,138.0,362,12388.0
2015-12-14,2688,22916.0,24042.0,0.0,1492.0,450.0,0.0,189.0,2131,197.0,162.0,198.0,557,12762.0
2015-12-21,2817,21032.0,21422.0,0.0,1479.0,452.0,0.0,212.0,2143,238.0,209.0,227.0,674,11867.0
2015-12-28,656,7646.0,8872.0,1.0,434.0,46.0,0.0,38.0,519,18.0,35.0,84.0,137,3104.0
2016-01-04,4286,18840.0,18244.0,0.0,2734.0,626.0,0.0,93.0,3457,264.0,245.0,320.0,829,11256.0
2016-01-11,4322,18710.0,20157.0,0.0,2242.0,816.0,0.0,147.0,3205,312.0,532.0,273.0,1117,13113.0
2016-01-18,5255,19057.0,20482.0,0.0,2474.0,950.0,0.0,198.0,3622,480.0,767.0,386.0,1633,13004.0
2016-01-25,5497,18802.0,19735.0,0.0,2787.0,789.0,0.0,204.0,3780,378.0,785.0,554.0,1717,11882.0
2016-02-01,5268,17503.0,17225.0,3.0,2896.0,644.0,0.0,139.0,3682,324.0,574.0,688.0,1586,10055.0
2016-02-08,5548,17180.0,17592.0,9.0,3189.0,586.0,0.0,168.0,3953,280.0,559.0,756.0,1595,9903.0
2016-02-15,6395,20097.0,20320.0,1.0,3195.0,712.0,0.0,189.0,4097,384.0,875.0,1039.0,2298,11810.0
2016-02-22,7146,20484.0,21775.0,2.0,3314.0,644.0,0.0,262.0,4222,512.0,1158.0,1254.0,2924,12450.0
2016-02-29,6870,20781.0,21114.0,0.0,2824.0,518.0,0.0,190.0,3532,470.0,1297.0,1571.0,3338,11802.0
2016-03-07,6823,20138.0,20565.0,0.0,2438.0,386.0,3.0,159.0,2987,474.0,1640.0,1722.0,3836,11345.0
2016-03-14,7162,20105.0,21906.0,0.0,2038.0,352.0,0.0,153.0,2544,507.0,2486.0,1625.0,4618,12911.0
2016-03-21,6709,19922.0,21217.0,0.0,2076.0,315.0,0.0,90.0,2481,434.0,2369.0,1425.0,4228,12763.0
2016-03-28,6019,19326.0,20136.0,0.0,2207.0,215.0,0.0,81.0,2503,331.0,1996.0,1189.0,3516,12605.0
2016-04-04,4738,17192.0,17538.0,0.0,1914.0,181.0,0.0,61.0,2157,299.0,1267.0,1015.0,2581,11315.0
2016-04-11,3994,15789.0,16884.0,1.0,1535.0,190.0,0.0,78.0,1804,284.0,1113.0,793.0,2190,11348.0
2016-04-18,3014,14678.0,15408.0,1.0,1030.0,149.0,0.0,61.0,1242,261.0,787.0,724.0,1772,11193.0
2016-04-25,2529,13613.0,14680.0,0.0,898.0,137.0,0.0,63.0,1098,178.0,615.0,638.0,1431,11147.0
2016-05-02,1884,13248.0,14704.0,1.0,688.0,125.0,0.0,39.0,853,114.0,498.0,419.0,1031,11849.0
2016-05-09,1779,12843.0,14750.0,1.0,669.0,155.0,0.0,74.0,899,133.0,394.0,353.0,880,12020.0
2016-05-16,1924,13560.0,16434.0,3.0,895.0,121.0,0.0,132.0,1151,111.0,314.0,348.0,773,13562.0
2016-05-23,1971,13182.0,17508.0,2.0,1023.0,132.0,0.0,170.0,1328,119.0,320.0,204.0,643,14568.0
2016-05-30,1917,12972.0,17579.0,0.0,882.0,153.0,0.0,383.0,1420,75.0,205.0,217.0,497,14856.0
2016-06-06,1682,12356.0,17593.0,0.0,754.0,173.0,0.0,291.0,1218,82.0,222.0,160.0,464,15059.0
2016-06-13,1357,12530.0,16683.0,0.0,539.0,150.0,0.0,314.0,1003,45.0,146.0,163.0,354,14522.0
2016-06-20,1240,12771.0,17161.0,0.0,384.0,212.0,0.0,304.0,900,64.0,122.0,154.0,340,15097.0
2016-06-27,1084,11519.0,15663.0,0.0,273.0,239.0,0.0,229.0,741,52.0,106.0,185.0,343,14103.0
2016-07-04,849,12080.0,15174.0,0.0,150.0,231.0,0.0,155.0,536,51.0,104.0,158.0,313,13764.0
2016-07-11,874,12333.0,15653.0,0.0,136.0,317.0,0.0,140.0,593,32.0,82.0,167.0,281,14172.0
2016-07-18,839,12047.0,11702.0,1.0,76.0,392.0,0.0,127.0,596,38.0,69.0,136.0,243,10362.0
2016-07-25,884,11965.0,11721.0,0.0,68.0,441.0,0.0,110.0,619,45.0,51.0,169.0,265,10314.0
2016-08-01,977,12189.0,12392.0,0.0,64.0,526.0,0.0,96.0,686,30.0,72.0,189.0,291,10873.0
2016-08-08,1054,12021.0,11885.0,0.0,48.0,522.0,0.0,151.0,721,26.0,72.0,235.0,333,10384.0
2016-08-15,1113,11703.0,11770.0,0.0,42.0,547.0,0.0,274.0,863,34.0,48.0,168.0,250,10346.0
2016-08-22,1226,11998.0,11911.0,0.0,36.0,684.0,0.0,274.0,994,26.0,54.0,152.0,232,10328.0
2016-08-29,1236,12142.0,12478.0,0.0,24.0,735.0,0.0,276.0,1035,25.0,52.0,124.0,201,10960.0
2016-09-05,1235,12315.0,11936.0,0.0,26.0,779.0,0.0,271.0,1076,14.0,33.0,112.0,159,10409.0
2016-09-12,1379,11814.0,12485.0,0.0,40.0,1020.0,0.0,175.0,1235,13.0,27.0,104.0,144,10881.0
2016-09-19,1484,13084.0,13501.0,0.0,39.0,1122.0,0.0,165.0,1326,10.0,29.0,119.0,158,11877.0
2016-09-26,1214,12656.0,12574.0,0.0,22.0,936.0,0.0,115.0,1073,13.0,46.0,82.0,141,11152.0
2016-10-03,1256,14146.0,13572.0,0.0,29.0,964.0,0.0,111.0,1104,24.0,42.0,86.0,152,11949.0
2016-10-10,1191,14926.0,14081.0,0.0,30.0,925.0,0.0,89.0,1044,22.0,52.0,73.0,147,12533.0
2016-10-17,1353,15576.0,15884.0,0.0,12.0,1123.0,0.0,72.0,1207,28.0,56.0,62.0,146,14291.0
2016-10-24,1438,15710.0,15418.0,0.0,26.0,1219.0,0.0,76.0,1321,28.0,31.0,58.0,117,13820.0
2016-10-31,1555,15729.0,14740.0,0.0,31.0,1264.0,0.0,122.0,1417,21.0,55.0,62.0,138,12953.0
2016-11-07,1825,16050.0,15848.0,0.0,20.0,1609.0,0.0,72.0,1701,16.0,42.0,66.0,124,13768.0
2016-11-14,2069,16195.0,15193.0,0.0,27.0,1745.0,0.0,138.0,1910,23.0,57.0,79.0,159,13084.0
2016-11-21,2274,16774.0,16603.0,0.0,40.0,1951.0,0.0,149.0,2140,17.0,37.0,80.0,134,14246.0
2016-11-28,2741,16522.0,15754.0,0.0,26.0,2371.0,0.0,181.0,2578,14.0,30.0,119.0,163,13052.0
2016-12-05,3376,17480.0,17447.0,0.0,38.0,2923.0,0.0,256.0,3217,16.0,32.0,111.0,159,14200.0
2016-12-12,2937,17586.0,15958.0,0.0,49.0,2599.0,0.0,109.0,2757,15.0,42.0,123.0,180,13328.0
2016-12-19,3415,17627.0,16294.0,0.0,70.0,3039.0,0.0,124.0,3234,22.0,41.0,118.0,181,13256.0
2016-12-26,2483,15281.0,12859.0,0.0,76.0,2193.0,0.0,115.0,2385,6.0,27.0,65.0,98,10572.0
2017-01-02,5667,18269.0,21336.0,0.0,187.0,4155.0,0.0,1120.0,5469,36.0,62.0,100.0,198,14973.0
2017-01-09,5314,19106.0,20830.0,0.0,251.0,3941.0,0.0,885.0,5081,39.0,74.0,120.0,233,15580.0
2017-01-16,5125,18979.0,20536.0,0.0,289.0,3794.0,0.0,826.0,4910,37.0,71.0,107.0,215,15483.0
2017-01-23,4244,16206.0,17684.0,0.0,362.0,2951.0,0.0,709.0,4027,32.0,76.0,109.0,217,13279.0
2017-01-30,3712,17233.0,18066.0,0.0,423.0,2601.0,0.0,447.0,3475,52.0,85.0,100.0,237,14288.0
2017-02-06,3179,18303.0,18183.0,0.0,425.0,2238.0,0.0,266.0,2932,57.0,81.0,109.0,247,15006.0
2017-02-13,2736,17499.0,15887.0,0.0,491.0,1802.0,2.0,150.0,2447,59.0,104.0,126.0,289,13265.0
2017-02-20,3001,19052.0,19483.0,0.0,729.0,1820.0,0.0,128.0,2678,74.0,123.0,126.0,323,16464.0
2017-02-27,2849,18838.0,18901.0,0.0,920.0,1413.0,0.0,68.0,2403,102.0,202.0,142.0,446,16197.0
2017-03-06,2806,19007.0,18581.0,0.0,1090.0,1157.0,0.0,79.0,2328,100.0,233.0,145.0,478,15934.0
2017-03-13,2599,18183.0,17118.0,0.0,1075.0,896.0,0.0,68.0,2041,115.0,309.0,134.0,558,14725.0
2017-03-20,1905,15988.0,13479.0,0.0,775.0,599.0,0.0,43.0,1417,77.0,264.0,147.0,488,11503.0
2017-03-27,2390,17936.0,17448.0,0.0,1073.0,569.0,0.0,67.0,1709,129.0,411.0,141.0,681,15043.0
2017-04-03,1674,13971.0,13188.0,0.0,645.0,392.0,0.0,47.0,1085,96.0,361.0,132.0,589,11469.0
2017-04-10,1836,14994.0,14972.0,0.0,742.0,399.0,0.0,53.0,1194,114.0,407.0,121.0,642,13078.0
2017-04-17,1543,13351.0,12743.0,0.0,533.0,335.0,1.0,62.0,931,133.0,359.0,120.0,612,11067.0
2017-04-24,1724,13897.0,14015.0,0.0,702.0,381.0,0.0,82.0,1165,93.0,308.0,158.0,559,12187.0
2017-05-01,1584,14039.0,14049.0,0.0,612.0,397.0,0.0,47.0,1056,78.0,277.0,173.0,528,12233.0
2017-05-08,1518,14509.0,14614.0,0.0,513.0,462.0,0.0,62.0,1037,94.0,249.0,138.0,481,12870.0
2017-05-15,1616,14405.0,14384.0,0.0,551.0,605.0,0.0,46.0,1202,76.0,217.0,121.0,414,12611.0
2017-05-22,1478,13839.0,13915.0,0.0,431.0,631.0,0.0,50.0,1112,58.0,160.0,148.0,366,12268.0
2017-05-29,1429,13578.0,13605.0,0.0,404.0,705.0,0.0,71.0,1180,43.0,92.0,114.0,249,11978.0
2017-06-05,1316,13831.0,13778.0,0.0,341.0,688.0,0.0,47.0,1076,47.0,101.0,92.0,240,12257.0
2017-06-12,1369,13457.0,13792.0,0.0,276.0,795.0,0.0,44.0,1115,65.0,100.0,89.0,254,12245.0
2017-06-19,1699,13324.0,13572.0,0.0,262.0,1132.0,0.0,67.0,1461,67.0,74.0,97.0,238,11710.0
2017-06-26,2442,13851.0,14097.0,0.0,330.0,1828.0,0.0,51.0,2209,86.0,73.0,74.0,233,11533.0
2017-07-03,3413,15818.0,16300.0,0.0,375.0,2667.0,0.0,98.0,3140,75.0,47.0,151.0,273,12695.0
2017-07-10,4283,16370.0,16470.0,0.0,405.0,3426.0,0.0,173.0,4004,45.0,51.0,183.0,279,11989.0
2017-07-17,4701,16399.0,16631.0,0.0,383.0,3689.0,0.0,335.0,4407,94.0,62.0,138.0,294,11575.0
2017-07-24,4484,16388.0,16620.0,0.0,355.0,3548.0,0.0,296.0,4199,87.0,69.0,129.0,285,11589.0
2017-07-31,3927,16042.0,16246.0,0.0,573.0,2641.0,0.0,392.0,3606,75.0,44.0,202.0,321,12126.0
2017-08-07,3962,16095.0,16318.0,0.0,765.0,2315.0,0.0,509.0,3589,58.0,51.0,264.0,373,12190.0
2017-08-14,3708,16060.0,16596.0,0.0,633.0,2173.0,0.0,510.0,3316,83.0,19.0,290.0,392,12681.0
2017-08-21,3335,15041.0,15450.0,0.0,460.0,1988.0,0.0,498.0,2946,77.0,32.0,280.0,389,11944.0
2017-08-28,3055,14704.0,15188.0,0.0,407.0,1853.0,0.0,430.0,2690,80.0,29.0,256.0,365,11996.0
2017-09-04,3007,15387.0,15668.0,0.0,387.0,1741.0,0.0,451.0,2579,91.0,50.0,287.0,428,12526.0
2017-09-11,2921,15679.0,16084.0,0.0,344.0,1746.0,0.0,418.0,2508,101.0,55.0,257.0,413,13025.0
2017-09-18,2224,15440.0,16027.0,0.0,213.0,1261.0,0.0,320.0,1794,120.0,47.0,263.0,430,13598.0
2017-09-25,1882,15245.0,15503.0,0.0,195.0,1099.0,0.0,198.0,1492,96.0,40.0,254.0,390,13442.0
2017-10-02,1479,15868.0,14765.0,0.0,259.0,830.0,0.0,105.0,1194,82.0,24.0,179.0,285,13057.0
2017-10-09,1630,17907.0,18192.0,0.0,287.0,960.0,0.0,46.0,1293,119.0,53.0,165.0,337,15833.0
2017-10-16,1465,17481.0,17384.0,0.0,211.0,873.0,0.0,24.0,1108,160.0,46.0,151.0,357,15729.0
2017-10-23,1639,18048.0,18122.0,0.0,360.0,771.0,0.0,15.0,1146,266.0,64.0,163.0,493,16258.0
2017-10-30,1738,18352.0,18258.0,0.0,472.0,687.0,0.0,13.0,1172,303.0,85.0,178.0,566,16308.0
2017-11-06,1944,18147.0,18385.0,0.0,455.0,627.0,0.0,34.0,1116,449.0,132.0,247.0,828,16140.0
2017-11-13,2370,18936.0,19177.0,0.0,682.0,609.0,0.0,21.0,1312,599.0,175.0,284.0,1058,16607.0
2017-11-20,2904,19089.0,19139.0,0.0,822.0,640.0,0.0,29.0,1491,827.0,204.0,382.0,1413,16014.0
2017-11-27,4000,19561.0,20038.0,0.0,951.0,800.0,0.0,34.0,1785,1419.0,325.0,471.0,2215,15861.0
2017-12-04,5035,20205.0,20416.0,0.0,1292.0,890.0,0.0,63.0,2245,1808.0,323.0,659.0,2790,15434.0
2017-12-11,6608,21046.0,21898.0,0.0,1552.0,1051.0,0.0,109.0,2712,2487.0,413.0,996.0,3896,15339.0
2017-12-18,8066,21318.0,22475.0,0.0,1964.0,1040.0,0.0,276.0,3280,2973.0,467.0,1346.0,4786,14436.0
2017-12-25,9440,21345.0,23653.0,0.0,2233.0,1080.0,0.0,540.0,3853,3024.0,410.0,2153.0,5587,14016.0
2018-01-01,10509,21828.0,24831.0,0.0,2614.0,1134.0,0.0,697.0,4445,2927.0,404.0,2733.0,6064,14109.0
2018-01-08,12002,24796.0,27683.0,0.0,3602.0,1192.0,0.0,582.0,5376,3393.0,398.0,2835.0,6626,15556.0
2018-01-15,12871,27295.0,29621.0,0.0,4042.0,1335.0,0.0,473.0,5851,3345.0,337.0,3338.0,7020,16885.0
2018-01-22,11899,26241.0,28781.0,0.0,3886.0,1116.0,0.0,570.0,5574,2728.0,310.0,3287.0,6325,17012.0
2018-01-29,10271,25103.0,27024.0,0.0,3600.0,913.0,0.0,441.0,4954,2435.0,211.0,2671.0,5317,16900.0
2018-02-05,9075,25210.0,26568.0,0.0,3300.0,821.0,0.0,332.0,4453,1993.0,146.0,2483.0,4622,17570.0
2018-02-12,7743,21769.0,23038.0,0.0,2273.0,831.0,0.0,472.0,3576,1447.0,100.0,2620.0,4167,15278.0
2018-02-19,7435,21689.0,23091.0,0.0,2563.0,855.0,0.0,453.0,3871,1491.0,85.0,1988.0,3564,15689.0
2018-02-26,5716,22437.0,23378.0,0.0,2032.0,705.0,0.0,367.0,3104,1119.0,86.0,1407.0,2612,17684.0
2018-03-05,5073,21542.0,22614.0,0.0,1971.0,658.0,0.0,349.0,2978,1039.0,82.0,974.0,2095,17561.0
2018-03-12,3840,20477.0,20977.0,0.0,1568.0,578.0,0.0,200.0,2350,816.0,58.0,616.0,1490,17188.0
2018-03-19,2744,19799.0,20183.0,0.0,1238.0,385.0,0.0,142.0,1769,551.0,43.0,381.0,975,17205.0
2018-03-26,2044,19078.0,19380.0,0.0,890.0,379.0,0.0,116.0,1393,386.0,36.0,229.0,651,17205.0
2018-04-02,1380,14488.0,14594.0,0.0,655.0,271.0,0.0,69.0,995,190.0,26.0,169.0,385,13002.0
2018-04-09,1113,14919.0,15119.0,0.0,533.0,238.0,0.0,31.0,802,176.0,24.0,111.0,311,13848.0
2018-04-16,997,14604.0,14977.0,0.0,449.0,229.0,0.0,58.0,736,137.0,29.0,95.0,261,13881.0
2018-04-23,698,13736.0,13821.0,0.0,385.0,112.0,0.0,19.0,516,83.0,27.0,72.0,182,13082.0
2018-04-30,516,13103.0,12959.0,0.0,264.0,87.0,0.0,17.0,368,62.0,22.0,64.0,148,12416.0
2018-05-07,506,13486.0,13375.0,0.0,270.0,94.0,0.0,17.0,383,58.0,15.0,50.0,123,12862.0
2018-05-14,416,13814.0,13956.0,0.0,228.0,72.0,0.0,18.0,318,40.0,18.0,40.0,98,13491.0
2018-05-21,401,13517.0,13334.0,0.0,221.0,67.0,0.0,19.0,307,30.0,25.0,39.0,94,12854.0
2018-05-28,398,12992.0,12902.0,0.0,246.0,43.0,0.0,9.0,298,67.0,12.0,21.0,100,12424.0
2018-06-04,416,13236.0,13197.0,3.0,270.0,49.0,0.0,9.0,332,43.0,15.0,26.0,84,12682.0
2018-06-11,426,12774.0,12753.0,0.0,316.0,28.0,0.0,9.0,357,38.0,5.0,26.0,69,12260.0
2018-06-18,449,13117.0,13122.0,0.0,309.0,36.0,0.0,19.0,364,48.0,22.0,15.0,85,12595.0
2018-06-25,347,13004.0,12932.0,0.0,213.0,41.0,0.0,25.0,279,37.0,17.0,14.0,68,12482.0
2018-07-02,398,13009.0,13280.0,0.0,217.0,80.0,0.0,14.0,311,36.0,23.0,28.0,87,12791.0
2018-07-09,452,12979.0,13142.0,0.0,314.0,55.0,0.0,24.0,393,24.0,12.0,23.0,59,12577.0
2018-07-16,436,13521.0,13625.0,0.0,282.0,49.0,0.0,28.0,361,35.0,14.0,26.0,75,13076.0
2018-07-23,451,12947.0,13168.0,0.0,253.0,90.0,0.0,35.0,380,28.0,11.0,32.0,71,12590.0
2018-07-30,393,12803.0,12895.0,0.0,243.0,62.0,0.0,29.0,334,20.0,18.0,21.0,59,12374.0
2018-08-06,429,13191.0,13284.0,0.0,221.0,80.0,0.0,48.0,349,18.0,30.0,32.0,80,12681.0
2018-08-13,527,13285.0,13532.0,0.0,290.0,93.0,0.0,48.0,433,17.0,32.0,45.0,94,12877.0
2018-08-20,598,13164.0,13468.0,0.0,299.0,84.0,0.0,85.0,468,32.0,38.0,60.0,130,12611.0
2018-08-27,638,13197.0,13547.0,0.0,314.0,124.0,0.0,91.0,529,24.0,40.0,45.0,109,12906.0
2018-09-03,706,13817.0,13812.0,0.0,347.0,196.0,0.0,40.0,583,15.0,46.0,62.0,123,13007.0
2018-09-10,1162,22506.0,22793.0,0.0,596.0,316.0,0.0,121.0,1034,28.0,50.0,50.0,128,21552.0
2018-09-17,954,13796.0,14248.0,0.0,549.0,191.0,0.0,85.0,825,14.0,48.0,67.0,129,13205.0
2018-09-24,967,14182.0,14363.0,0.0,552.0,224.0,0.0,54.0,830,15.0,38.0,84.0,137,13291.0
2018-10-01,1085,15666.0,16067.0,0.0,621.0,239.0,0.0,71.0,931,31.0,45.0,78.0,154,14886.0
2018-10-08,1021,18031.0,18213.0,0.0,630.0,187.0,0.0,56.0,873,11.0,29.0,108.0,148,17070.0
2018-10-15,904,17966.0,18314.0,0.0,608.0,138.0,0.0,55.0,801,14.0,12.0,77.0,103,17174.0
2018-10-22,1201,18935.0,18906.0,0.0,733.0,167.0,0.0,181.0,1081,10.0,25.0,85.0,120,17443.0
2018-10-29,1361,18978.0,19217.0,0.0,769.0,171.0,0.0,259.0,1199,12.0,30.0,120.0,162,17598.0
2018-11-05,1450,19252.0,19349.0,0.0,845.0,217.0,0.0,198.0,1260,11.0,34.0,145.0,190,17611.0
2018-11-12,1575,20379.0,20605.0,0.0,952.0,276.0,0.0,160.0,1388,11.0,29.0,147.0,187,18624.0
2018-11-19,1678,19955.0,20149.0,0.0,980.0,264.0,0.0,205.0,1449,5.0,42.0,182.0,229,18058.0
2018-11-26,2042,20768.0,20993.0,0.0,1138.0,259.0,0.0,412.0,1809,14.0,32.0,187.0,233,18616.0
2018-12-03,2459,21573.0,21860.0,0.0,1400.0,468.0,0.0,342.0,2210,11.0,30.0,208.0,249,18474.0
2018-12-10,2963,21804.0,22097.0,0.0,1879.0,499.0,0.0,287.0,2665,17.0,41.0,240.0,298,18869.0
2018-12-17,4401,23169.0,23796.0,0.0,3000.0,860.0,0.0,267.0,4127,5.0,25.0,244.0,274,19253.0
2018-12-24,5136,22891.0,22958.0,0.0,3578.0,950.0,0.0,366.0,4894,5.0,24.0,213.0,242,17617.0
2018-12-31,6812,24050.0,24640.0,0.0,4887.0,1380.0,0.0,370.0,6638,15.0,35.0,124.0,174,9030.0
2019-01-07,10850,28803.0,30477.0,0.0,7614.0,2240.0,0.0,714.0,10569,17.0,70.0,194.0,281,19518.0
2019-01-14,13318,30013.0,32600.0,0.0,9084.0,2795.0,0.0,1108.0,12987,13.0,93.0,225.0,331,18989.0
2019-01-21,13563,30677.0,33837.0,0.0,8728.0,3107.0,0.0,1392.0,13227,19.0,106.0,211.0,336,19937.0
2019-01-28,12329,29024.0,32146.0,0.0,7532.0,2999.0,0.0,1414.0,11947,14.0,107.0,261.0,382,19300.0
2019-02-04,9991,24362.0,27939.0,0.0,5477.0,2829.0,0.0,1350.0,9657,22.0,98.0,214.0,334,17185.0
2019-02-11,9866,27227.0,30228.0,0.0,5493.0,2819.0,0.0,1165.0,9477,24.0,185.0,180.0,389,19592.0
2019-02-18,8190,26349.0,28574.0,0.0,4420.0,2492.0,0.0,905.0,7817,22.0,215.0,136.0,373,19682.0
2019-02-25,7292,25831.0,27406.0,0.0,3717.0,2529.0,0.0,479.0,6726,26.0,400.0,140.0,566,19419.0
2019-03-04,5966,24435.0,24355.0,0.0,2770.0,2129.0,0.0,107.0,5006,12.0,807.0,141.0,960,18437.0
2019-03-11,5842,24055.0,24063.0,0.0,2153.0,2037.0,0.0,112.0,4302,49.0,1317.0,174.0,1540,18498.0
2019-03-18,5109,23228.0,23172.0,0.0,1371.0,1661.0,0.0,98.0,3130,37.0,1796.0,146.0,1979,18078.0
2019-03-25,4933,22860.0,22820.0,0.0,1032.0,1409.0,1.0,101.0,2543,50.0,2144.0,196.0,2390,17893.0
2019-04-01,2646,15865.0,15092.0,0.0,558.0,749.0,0.0,83.0,1391,18.0,1113.0,124.0,1255,12425.0
2019-04-08,3390,18704.0,19051.0,0.0,455.0,821.0,0.0,89.0,1365,53.0,1820.0,152.0,2025,15612.0
2019-04-15,3089,17227.0,17452.0,0.0,329.0,711.0,0.0,94.0,1134,25.0,1782.0,148.0,1955,14368.0
2019-04-22,2754,16385.0,16428.0,0.0,262.0,616.0,0.0,95.0,973,25.0,1567.0,189.0,1781,13634.0
2019-04-29,2099,15152.0,15351.0,0.0,202.0,454.0,0.0,116.0,772,14.0,1124.0,189.0,1327,13128.0
2019-05-06,2346,16202.0,16422.0,0.0,187.0,486.0,0.0,123.0,796,12.0,1313.0,225.0,1550,13957.0
2019-05-13,2649,16512.0,17194.0,0.0,180.0,648.0,0.0,203.0,1031,15.0,1330.0,273.0,1618,14454.0
2019-05-20,2925,16875.0,17980.0,0.0,205.0,795.0,0.0,361.0,1361,9.0,1236.0,319.0,1564,14943.0
2019-05-27,2600,15996.0,17003.0,0.0,147.0,781.0,0.0,341.0,1269,11.0,1062.0,258.0,1331,14245.0
2019-06-03,2635,15098.0,16103.0,0.0,116.0,923.0,0.0,446.0,1485,2.0,915.0,233.0,1150,13400.0
2019-06-10,2397,15528.0,16015.0,0.0,148.0,867.0,0.0,462.0,1477,1.0,541.0,378.0,920,13438.0
2019-06-17,2615,17870.0,18045.0,0.0,215.0,786.0,0.0,492.0,1493,6.0,775.0,341.0,1122,15238.0
2019-06-24,2756,17597.0,18099.0,0.0,290.0,865.0,0.0,550.0,1705,8.0,657.0,386.0,1051,15143.0
2019-07-01,2575,16877.0,17547.0,0.0,313.0,796.0,0.0,467.0,1576,8.0,566.0,425.0,999,14835.0
2019-07-08,2171,16632.0,16997.0,0.0,341.0,606.0,0.0,409.0,1356,8.0,511.0,296.0,815,14635.0
2019-07-15,2217,17363.0,17613.0,0.0,381.0,632.0,0.0,369.0,1382,4.0,499.0,332.0,835,15165.0
2019-07-22,1855,16162.0,16329.0,0.0,288.0,572.0,0.0,275.0,1135,12.0,432.0,276.0,720,14323.0
2019-07-29,1616,15605.0,15688.0,0.0,211.0,527.0,0.0,252.0,990,5.0,387.0,234.0,626,13924.0
2019-08-05,1548,15178.0,15050.0,0.0,162.0,551.0,0.0,284.0,997,0.0,329.0,222.0,551,14120.0
2019-08-12,1376,14914.0,14818.0,0.0,146.0,423.0,0.0,281.0,853,2.0,285.0,236.0,523,13955.0
2019-08-19,1388,13950.0,13336.0,0.0,180.0,365.0,0.0,343.0,888,4.0,208.0,288.0,500,12674.0
2019-08-26,1242,14683.0,14537.0,0.0,206.0,347.0,0.0,283.0,839,0.0,187.0,216.0,403,13993.0
2019-09-02,1298,14380.0,13593.0,0.0,214.0,401.0,0.0,276.0,891,2.0,149.0,256.0,407,13177.0
2019-09-09,910,7574.0,8044.0,0.0,173.0,226.0,0.0,293.0,692,1.0,69.0,148.0,218,7648.0
2019-09-16,924,9071.0,9469.0,0.0,182.0,233.0,0.0,267.0,682,1.0,86.0,155.0,242,9374.0
2019-09-23,835,8379.0,8786.0,0.0,152.0,174.0,0.0,305.0,631,0.0,93.0,111.0,204,8868.0
2019-09-30,1022,16480.0,16272.0,0.0,177.0,229.0,0.0,378.0,800,3.0,106.0,113.0,222,8307.0
2019-10-07,1097,8061.0,18939.0,0.0,177.0,319.0,0.0,359.0,855,0.0,115.0,127.0,242,8176.0
2019-10-14,1125,19136.0,18320.0,0.0,226.0,346.0,0.0,339.0,911,3.0,103.0,108.0,214,7473.0
2019-10-21,1426,20819.0,20062.0,0.0,348.0,421.0,0.0,340.0,1109,2.0,161.0,154.0,317,8431.0
2019-10-28,1588,20820.0,19981.0,0.0,403.0,545.0,0.0,350.0,1298,0.0,136.0,154.0,290,8322.0
2019-11-04,1955,21545.0,20424.0,0.0,524.0,713.0,0.0,363.0,1600,2.0,197.0,156.0,355,8333.0
2019-11-11,1633,20531.0,19530.0,0.0,362.0,762.0,0.0,193.0,1317,3.0,165.0,148.0,316,7786.0
2019-11-18,1867,21348.0,19484.0,0.0,315.0,1013.0,0.0,141.0,1469,2.0,299.0,97.0,398,7623.0
2019-11-25,2224,20184.0,17342.0,0.0,662.0,959.0,0.0,171.0,1792,5.0,260.0,167.0,432,7846.0
2019-12-02,3594,24423.0,20416.0,0.0,547.0,2156.0,0.0,160.0,2863,1.0,567.0,163.0,731,7721.0
2019-12-09,5579,29435.0,23101.0,0.0,870.0,3392.0,0.0,158.0,4421,4.0,890.0,264.0,1158,8888.0
2019-12-16,6779,9326.0,22633.0,0.0,1052.0,4144.0,0.0,95.0,5293,3.0,1249.0,234.0,1486,8203.0
2019-12-23,7476,29680.0,21902.0,0.0,1063.0,4581.0,0.0,144.0,5792,1.0,1439.0,244.0,1684,7285.0
2019-12-30,7559,26658.0,23080.0,0.0,1056.0,4579.0,0.0,172.0,5807,1.0,1603.0,148.0,1752,8380.0
2020-01-06,8240,26674.0,24680.0,0.0,1890.0,4192.0,0.0,213.0,6295,8.0,1763.0,174.0,1945,9209.0
2020-01-13,7407,24696.0,34733.0,0.0,2008.0,3154.0,0.0,208.0,5371,8.0,1805.0,223.0,2036,8195.0
2020-01-20,6823,24106.0,23536.0,0.0,2296.0,2192.0,0.0,452.0,4941,10.0,1571.0,301.0,1882,8959.0
2020-01-27,4903,22474.0,22131.0,0.0,1848.0,1250.0,0.0,453.0,3551,16.0,1016.0,320.0,1352,10508.0
2020-02-03,2672,14845.0,14547.0,0.0,691.0,710.0,0.0,432.0,1834,4.0,566.0,268.0,838,4509.0
2020-02-10,1644,11851.0,11796.0,0.0,410.0,476.0,0.0,307.0,1193,0.0,221.0,230.0,451,3302.0
2020-02-17,944,3898.0,4416.0,0.0,229.0,211.0,0.0,277.0,717,0.0,38.0,189.0,227,3314.0
2020-02-24,683,3374.0,3826.0,0.0,192.0,114.0,0.0,209.0,515,0.0,14.0,154.0,168,3143.0
2020-03-02,204,761.0,686.0,0.0,46.0,77.0,0.0,11.0,134,0.0,14.0,56.0,70,482.0
